capability,capability_label,window,window_label,architecture,architecture_label,n,mean,SD,median,Q1,Q3,IQR,min,max,modular_minus_bt_mean_ms,modular_vs_bt_mean_relative_percent
greeting,Greeting,pre_execution,Pre-execution,bt,BT baseline,10,5375.9421939,1824.0688441244151,5333.095074999999,3796.916926,6881.5894235000005,3084.6724975000006,2946.114288,8307.374528,-877.8635732000002,-16.329483121974388
greeting,Greeting,pre_execution,Pre-execution,modular,Modular,10,4498.0786207,164.05884580279954,4453.017626000001,4400.199633,4535.558942,135.35930899999948,4294.064782,4824.673868,-877.8635732000002,-16.329483121974388
greeting,Greeting,execution,Execution,bt,BT baseline,10,38425.1273288,8663.674762032137,36599.4925705,32399.6491235,40532.250089,8132.600965500002,31123.346325,59736.032004,2739.603864800003,7.129719678890026
greeting,Greeting,execution,Execution,modular,Modular,10,41164.731193600004,10542.792100722398,38338.8339275,33347.73955025,41507.04290925,8159.303358999998,32112.281952,62226.09258,2739.603864800003,7.129719678890026
greeting,Greeting,e2e_active,End-to-end,bt,BT baseline,10,43801.2345078,8187.592074637019,42275.522848,38136.45963075,46845.109727,8708.65009625,34384.615864,62682.300152,2497.4258775000053,5.701724861328442
greeting,Greeting,e2e_active,End-to-end,modular,Modular,10,46298.660385300005,10462.907155873445,43411.2019145,38764.13898675,46539.992665750004,7775.853679000007,37136.929087,67150.933143,2497.4258775000053,5.701724861328442
grab_bag,GrabBag,pre_execution,Pre-execution,bt,BT baseline,10,6144.304503400001,1227.3865528199958,5857.0253465000005,5283.96782425,7432.18639825,2148.2185739999995,4562.170056,7569.184166,-1537.7605105000002,-25.027413756090183
grab_bag,GrabBag,pre_execution,Pre-execution,modular,Modular,10,4606.5439929,439.5390878034969,4546.6750919999995,4381.24571725,4633.20522125,251.95950400000038,3958.553816,5369.871857,-1537.7605105000002,-25.027413756090183
grab_bag,GrabBag,execution,Execution,bt,BT baseline,10,66818.83931499999,37286.78773541575,56022.678665,46607.650535,58536.61575725,11928.96522225,41804.999221,164561.522219,-18999.902630399985,-28.434948624039848
grab_bag,GrabBag,execution,Execution,modular,Modular,10,47818.936684600005,8994.007915672437,45650.6096445,42241.4868565,49509.535621250005,7268.048764750005,40461.569354,71349.913804,-18999.902630399985,-28.434948624039848
grab_bag,GrabBag,e2e_active,End-to-end,bt,BT baseline,10,72963.318604,37294.892694408925,62294.138349,52340.646202,65046.659765000004,12706.013563,46367.348944,170065.360409,-20299.0536974,-27.820902455891254
grab_bag,GrabBag,e2e_active,End-to-end,modular,Modular,10,52664.2649066,8919.557603313839,50744.078204499994,46888.8842095,53859.80849825,6970.92428875,46071.601285,76251.055154,-20299.0536974,-27.820902455891254
