capability,capability_label,phase,phase_label,n,mean,standard_deviation,median,Q1,Q3,IQR,min,max,coefficient_of_variation
greeting,Greeting,lifecycle_activation,Activation,10,684.3610808999999,45.14447921108571,666.9487065000001,665.19589325,673.3218977500001,8.126004500000022,637.844506,780.469514,0.06596587747467525
greeting,Greeting,initialization,Init.,10,2.5391094,0.616435781838934,2.376931,2.28340675,2.561729,0.27832225,2.002154,4.204373,0.24277637735456928
greeting,Greeting,execution,Execution,10,41164.731193600004,10542.792100722398,38338.8339275,33347.73955025,41507.04290925,8159.303358999998,32112.281952,62226.09258,0.2561122542289676
greeting,Greeting,completion_propagation,Completion,10,1.9688222,0.575967558769261,1.6839905000000002,1.54051025,2.482097,0.9415867499999999,1.35613,2.871574,0.29254422200707664
greeting,Greeting,lifecycle_deactivation,Deactivation,10,633.8817488000001,14.995058728578751,631.7084485,624.5567515,635.4620474999999,10.905295999999908,619.767367,671.726847,0.0236559244006723
grab_bag,GrabBag,lifecycle_activation,Activation,10,307.0624136,27.130485672051112,310.96791,299.53917075000004,320.888387,21.349216249999984,243.607958,342.661956,0.08835495479232797
grab_bag,GrabBag,initialization,Init.,10,1.4870098999999999,0.5797685708925301,1.4782945,1.2095235,1.66098575,0.45146225000000006,0.366107,2.518698,0.3898888439764457
grab_bag,GrabBag,execution,Execution,10,47818.936684600005,8994.007915672437,45650.6096445,42241.4868565,49509.535621250005,7268.048764750005,40461.569354,71349.913804,0.18808464887026524
grab_bag,GrabBag,completion_propagation,Completion,10,1.8607063,0.21955710837352643,1.900512,1.6850315,2.01480925,0.32977774999999987,1.560669,2.178337,0.11799664910766758
grab_bag,GrabBag,lifecycle_deactivation,Deactivation,10,236.9235228,9.517891545150423,236.080155,231.72284625,245.167803,13.444956749999989,223.345771,248.970704,0.04017284325619703
