capability,capability_label,phase,phase_label,process_role,process_role_label,n,mean,standard_deviation,median,Q1,Q3,IQR,min,max,coefficient_of_variation
greeting,Greeting,lifecycle_activation,Activation,cognitive_module,Cognitive Module,10,55.084398083144706,2.9029460365188138,54.88684757367719,53.87862985494853,57.70506896720744,3.8264391122589103,50.24946111215409,58.771277869761015,0.05269996836739671
greeting,Greeting,lifecycle_activation,Activation,hri_challenge_master,Master,10,7.22008192015281,0.8646813441818891,7.4546996182326986,6.556408676683051,7.549180650240595,0.9927719735575442,5.979708667042183,8.708727528213748,0.1197606001904738
greeting,Greeting,execution,Execution,cognitive_module,Cognitive Module,10,7.7271687160227005,0.3514007967192016,7.706014671946993,7.624769838265497,7.879378649202124,0.25460881093662735,7.051748643094899,8.220621621960232,0.04547600934227735
greeting,Greeting,execution,Execution,hri_challenge_master,Master,10,1.0473350001703088,0.08105415579145515,1.0296406245087626,0.9799247834032877,1.1126106265193627,0.132685843116075,0.9505522416639776,1.174130798235762,0.0773908594463804
greeting,Greeting,lifecycle_deactivation,Deactivation,cognitive_module,Cognitive Module,10,37.472446396513554,2.1718853555314577,37.53632360289073,36.29187411926201,39.42191198347168,3.130037864209669,33.31182683402049,40.036843731806336,0.05795952931788116
greeting,Greeting,lifecycle_deactivation,Deactivation,hri_challenge_master,Master,10,6.199043939176669,1.0495174410674988,6.058961223541236,5.414823165159941,7.140926125766264,1.7261029606063234,4.456516730242442,7.546294386698197,0.16930311373254942
grab_bag,GrabBag,lifecycle_activation,Activation,cognitive_module,Cognitive Module,10,75.3175246610748,10.108699703953574,70.62593523950451,69.11716588207106,82.24659960772416,13.1294337256531,63.49800555926095,94.55087701561948,0.13421444410769248
grab_bag,GrabBag,lifecycle_activation,Activation,hri_challenge_master,Master,10,9.958839544362482,2.376691513868338,10.032814254787834,8.395115130538233,11.588250503824339,3.193135373286106,5.653710247349824,12.92193308550186,0.23865145163562157
grab_bag,GrabBag,execution,Execution,cognitive_module,Cognitive Module,10,16.559617968776585,5.0228341221132355,16.02038582303068,12.605966116503186,19.294300561601272,6.688334445098086,10.719365755637476,25.738853883294134,0.30331823666366375
grab_bag,GrabBag,execution,Execution,hri_challenge_master,Master,10,1.9464923462250812,0.1780345669726404,1.889446514550131,1.8399354458455621,1.9548720936331039,0.11493664778754176,1.775956974313912,2.294261424811991,0.09146430363207475
grab_bag,GrabBag,lifecycle_deactivation,Deactivation,cognitive_module,Cognitive Module,10,44.29635202777234,11.795700608235336,46.34725082618095,32.875750741139115,49.77915032820606,16.903399587066943,30.13846986926588,65.27794310201166,0.26629056498467013
grab_bag,GrabBag,lifecycle_deactivation,Deactivation,hri_challenge_master,Master,10,8.051441948876233,2.8930602337102402,8.778472253669328,5.55944055944056,9.108289649114145,3.5488490896735847,4.301075268817205,13.725151253241142,0.3593220012117251
