run_id,architecture,flow_name,capability,module_name,event,stamp_ns,success,details
phase_modular_grab_bag_20260819_115554_002,modular,runtime_flow,Grab Bag,grab_bag_cognitive_module,capability_decision,1787133363305595572,,
phase_modular_grab_bag_20260819_115554_002,modular,runtime_flow,Grab Bag,grab_bag_cognitive_module,lifecycle_activation_request,1787133363306961041,,
phase_modular_grab_bag_20260819_115554_002,modular,runtime_flow,Grab Bag,grab_bag_cognitive_module,lifecycle_activated,1787133363550568999,true,
phase_modular_grab_bag_20260819_115554_002,modular,,Grab Bag,grab_bag_cognitive_module_bt_node,first_bt_action_start,1787133363551770058,,
phase_modular_grab_bag_20260819_115554_002,modular,,Grab Bag,grab_bag_cognitive_module_bt_node,last_bt_action_finish,1787133413315967550,,
phase_modular_grab_bag_20260819_115554_002,modular,,Grab Bag,grab_bag_cognitive_module,capability_finished,1787133413316929504,true,[32mSUCCESS[0m
phase_modular_grab_bag_20260819_115554_002,modular,runtime_flow,Grab Bag,grab_bag_cognitive_module,completion_received,1787133413317544588,true,
phase_modular_grab_bag_20260819_115554_002,modular,runtime_flow,Grab Bag,grab_bag_cognitive_module,lifecycle_deactivated,1787133413561773316,true,
phase_bt_grab_bag_20260819_115656_008,bt,,Grab Bag,hri_challenge_bt,capability_executable,1787133424128158804,,
phase_bt_grab_bag_20260819_115656_008,bt,,Grab Bag,hri_challenge_bt,first_bt_action_start,1787133424128367956,,
phase_bt_grab_bag_20260819_115656_008,bt,,Grab Bag,hri_challenge_bt,last_bt_action_finish,1787133480905248691,,
phase_bt_grab_bag_20260819_115656_008,bt,,Grab Bag,hri_challenge_bt,capability_finished,1787133480905402129,,
phase_bt_grab_bag_20260819_115656_008,bt,,Grab Bag,hri_challenge_bt,transition_to_next,1787133480905427867,,
phase_modular_grab_bag_20260819_115802_000,modular,runtime_flow,Grab Bag,grab_bag_cognitive_module,capability_decision,1787133491262010983,,
phase_modular_grab_bag_20260819_115802_000,modular,runtime_flow,Grab Bag,grab_bag_cognitive_module,lifecycle_activation_request,1787133491263953839,,
phase_modular_grab_bag_20260819_115802_000,modular,runtime_flow,Grab Bag,grab_bag_cognitive_module,lifecycle_activated,1787133491586255347,true,
phase_modular_grab_bag_20260819_115802_000,modular,,Grab Bag,grab_bag_cognitive_module_bt_node,first_bt_action_start,1787133491586621454,,
phase_modular_grab_bag_20260819_115802_000,modular,,Grab Bag,grab_bag_cognitive_module_bt_node,last_bt_action_finish,1787133534575850527,,
phase_modular_grab_bag_20260819_115802_000,modular,,Grab Bag,grab_bag_cognitive_module,capability_finished,1787133534577035911,true,[32mSUCCESS[0m
phase_modular_grab_bag_20260819_115802_000,modular,runtime_flow,Grab Bag,grab_bag_cognitive_module,completion_received,1787133534577751094,true,
phase_modular_grab_bag_20260819_115802_000,modular,runtime_flow,Grab Bag,grab_bag_cognitive_module,lifecycle_deactivated,1787133534809827473,true,
phase_modular_grab_bag_20260819_115857_008,modular,runtime_flow,Grab Bag,grab_bag_cognitive_module,capability_decision,1787133546351050568,,
phase_modular_grab_bag_20260819_115857_008,modular,runtime_flow,Grab Bag,grab_bag_cognitive_module,lifecycle_activation_request,1787133546352292478,,
phase_modular_grab_bag_20260819_115857_008,modular,runtime_flow,Grab Bag,grab_bag_cognitive_module,lifecycle_activated,1787133546666400994,true,
phase_modular_grab_bag_20260819_115857_008,modular,,Grab Bag,grab_bag_cognitive_module_bt_node,first_bt_action_start,1787133546667769312,,
phase_modular_grab_bag_20260819_115857_008,modular,,Grab Bag,grab_bag_cognitive_module_bt_node,last_bt_action_finish,1787133595639644772,,
phase_modular_grab_bag_20260819_115857_008,modular,,Grab Bag,grab_bag_cognitive_module,capability_finished,1787133595640841983,true,[32mSUCCESS[0m
phase_modular_grab_bag_20260819_115857_008,modular,runtime_flow,Grab Bag,grab_bag_cognitive_module,completion_received,1787133595641545229,true,
phase_modular_grab_bag_20260819_115857_008,modular,runtime_flow,Grab Bag,grab_bag_cognitive_module,lifecycle_deactivated,1787133595890515933,true,
phase_bt_grab_bag_20260819_115958_005,bt,,Grab Bag,hri_challenge_bt,capability_executable,1787133604248950858,,
phase_bt_grab_bag_20260819_115958_005,bt,,Grab Bag,hri_challenge_bt,first_bt_action_start,1787133604249201057,,
phase_bt_grab_bag_20260819_115958_005,bt,,Grab Bag,hri_challenge_bt,last_bt_action_finish,1787133660941857456,,
phase_bt_grab_bag_20260819_115958_005,bt,,Grab Bag,hri_challenge_bt,capability_finished,1787133660942010490,,
phase_bt_grab_bag_20260819_115958_005,bt,,Grab Bag,hri_challenge_bt,transition_to_next,1787133660942039233,,
phase_bt_grab_bag_20260819_120102_002,bt,,Grab Bag,hri_challenge_bt,capability_executable,1787133668273192244,,
phase_bt_grab_bag_20260819_120102_002,bt,,Grab Bag,hri_challenge_bt,first_bt_action_start,1787133668273435967,,
phase_bt_grab_bag_20260819_120102_002,bt,,Grab Bag,hri_challenge_bt,last_bt_action_finish,1787133727396630065,,
phase_bt_grab_bag_20260819_120102_002,bt,,Grab Bag,hri_challenge_bt,capability_finished,1787133727396733949,,
phase_bt_grab_bag_20260819_120102_002,bt,,Grab Bag,hri_challenge_bt,transition_to_next,1787133727396748417,,
phase_bt_grab_bag_20260819_120208_004,bt,,Grab Bag,hri_challenge_bt,capability_executable,1787133736132362295,,
phase_bt_grab_bag_20260819_120208_004,bt,,Grab Bag,hri_challenge_bt,first_bt_action_start,1787133736132609148,,
phase_bt_grab_bag_20260819_120208_004,bt,,Grab Bag,hri_challenge_bt,last_bt_action_finish,1787133828861873088,,
phase_bt_grab_bag_20260819_120208_004,bt,,Grab Bag,hri_challenge_bt,capability_finished,1787133828862033699,,
phase_bt_grab_bag_20260819_120208_004,bt,,Grab Bag,hri_challenge_bt,transition_to_next,1787133828862053977,,
phase_bt_grab_bag_20260819_120350_006,bt,,Grab Bag,hri_challenge_bt,capability_executable,1787133836251465340,,
phase_bt_grab_bag_20260819_120350_006,bt,,Grab Bag,hri_challenge_bt,first_bt_action_start,1787133836251656328,,
phase_bt_grab_bag_20260819_120350_006,bt,,Grab Bag,hri_challenge_bt,last_bt_action_finish,1787134000813178547,,
phase_bt_grab_bag_20260819_120350_006,bt,,Grab Bag,hri_challenge_bt,capability_finished,1787134000813379865,,
phase_bt_grab_bag_20260819_120350_006,bt,,Grab Bag,hri_challenge_bt,transition_to_next,1787134000813399382,,
phase_modular_grab_bag_20260819_120645_004,modular,runtime_flow,Grab Bag,grab_bag_cognitive_module,capability_decision,1787134014622352008,,
phase_modular_grab_bag_20260819_120645_004,modular,runtime_flow,Grab Bag,grab_bag_cognitive_module,lifecycle_activation_request,1787134014624068568,,
phase_modular_grab_bag_20260819_120645_004,modular,runtime_flow,Grab Bag,grab_bag_cognitive_module,lifecycle_activated,1787134014926364780,true,
phase_modular_grab_bag_20260819_120645_004,modular,,Grab Bag,grab_bag_cognitive_module_bt_node,first_bt_action_start,1787134014927599697,,
phase_modular_grab_bag_20260819_120645_004,modular,,Grab Bag,grab_bag_cognitive_module_bt_node,last_bt_action_finish,1787134086277513501,,
phase_modular_grab_bag_20260819_120645_004,modular,,Grab Bag,grab_bag_cognitive_module,capability_finished,1787134086278781539,true,[32mSUCCESS[0m
phase_modular_grab_bag_20260819_120645_004,modular,runtime_flow,Grab Bag,grab_bag_cognitive_module,completion_received,1787134086279529061,true,
phase_modular_grab_bag_20260819_120645_004,modular,runtime_flow,Grab Bag,grab_bag_cognitive_module,lifecycle_deactivated,1787134086525009889,true,
phase_modular_grab_bag_20260819_120810_009,modular,runtime_flow,Grab Bag,grab_bag_cognitive_module,capability_decision,1787134100108200115,,
phase_modular_grab_bag_20260819_120810_009,modular,runtime_flow,Grab Bag,grab_bag_cognitive_module,lifecycle_activation_request,1787134100110553861,,
phase_modular_grab_bag_20260819_120810_009,modular,runtime_flow,Grab Bag,grab_bag_cognitive_module,lifecycle_activated,1787134100409174018,true,
phase_modular_grab_bag_20260819_120810_009,modular,,Grab Bag,grab_bag_cognitive_module_bt_node,first_bt_action_start,1787134100410842167,,
phase_modular_grab_bag_20260819_120810_009,modular,,Grab Bag,grab_bag_cognitive_module_bt_node,last_bt_action_finish,1787134147945287006,,
phase_modular_grab_bag_20260819_120810_009,modular,,Grab Bag,grab_bag_cognitive_module,capability_finished,1787134147946366101,true,[32mSUCCESS[0m
phase_modular_grab_bag_20260819_120810_009,modular,runtime_flow,Grab Bag,grab_bag_cognitive_module,completion_received,1787134147947299563,true,
phase_modular_grab_bag_20260819_120810_009,modular,runtime_flow,Grab Bag,grab_bag_cognitive_module,lifecycle_deactivated,1787134148178904565,true,
phase_modular_grab_bag_20260819_120911_007,modular,runtime_flow,Grab Bag,grab_bag_cognitive_module,capability_decision,1787134160211157453,,
phase_modular_grab_bag_20260819_120911_007,modular,runtime_flow,Grab Bag,grab_bag_cognitive_module,lifecycle_activation_request,1787134160213619674,,
phase_modular_grab_bag_20260819_120911_007,modular,runtime_flow,Grab Bag,grab_bag_cognitive_module,lifecycle_activated,1787134160521446978,true,
phase_modular_grab_bag_20260819_120911_007,modular,,Grab Bag,grab_bag_cognitive_module_bt_node,first_bt_action_start,1787134160523965676,,
phase_modular_grab_bag_20260819_120911_007,modular,,Grab Bag,grab_bag_cognitive_module_bt_node,last_bt_action_finish,1787134202516205127,,
phase_modular_grab_bag_20260819_120911_007,modular,,Grab Bag,grab_bag_cognitive_module,capability_finished,1787134202517105296,true,[32mSUCCESS[0m
phase_modular_grab_bag_20260819_120911_007,modular,runtime_flow,Grab Bag,grab_bag_cognitive_module,completion_received,1787134202517765796,true,
phase_modular_grab_bag_20260819_120911_007,modular,runtime_flow,Grab Bag,grab_bag_cognitive_module,lifecycle_deactivated,1787134202741377625,true,
phase_modular_grab_bag_20260819_121005_001,modular,runtime_flow,Grab Bag,grab_bag_cognitive_module,capability_decision,1787134214624353153,,
phase_modular_grab_bag_20260819_121005_001,modular,runtime_flow,Grab Bag,grab_bag_cognitive_module,lifecycle_activation_request,1787134214626569833,,
phase_modular_grab_bag_20260819_121005_001,modular,runtime_flow,Grab Bag,grab_bag_cognitive_module,lifecycle_activated,1787134214969231789,true,
phase_modular_grab_bag_20260819_121005_001,modular,,Grab Bag,grab_bag_cognitive_module_bt_node,first_bt_action_start,1787134214970820060,,
phase_modular_grab_bag_20260819_121005_001,modular,,Grab Bag,grab_bag_cognitive_module_bt_node,last_bt_action_finish,1787134256641187308,,
phase_modular_grab_bag_20260819_121005_001,modular,,Grab Bag,grab_bag_cognitive_module,capability_finished,1787134256642290999,true,[32mSUCCESS[0m
phase_modular_grab_bag_20260819_121005_001,modular,runtime_flow,Grab Bag,grab_bag_cognitive_module,completion_received,1787134256643275536,true,
phase_modular_grab_bag_20260819_121005_001,modular,runtime_flow,Grab Bag,grab_bag_cognitive_module,lifecycle_deactivated,1787134256876959010,true,
phase_bt_grab_bag_20260819_121059_007,bt,,Grab Bag,hri_challenge_bt,capability_executable,1787134264083958450,,
phase_bt_grab_bag_20260819_121059_007,bt,,Grab Bag,hri_challenge_bt,first_bt_action_start,1787134264084186247,,
phase_bt_grab_bag_20260819_121059_007,bt,,Grab Bag,hri_challenge_bt,last_bt_action_finish,1787134319436887178,,
phase_bt_grab_bag_20260819_121059_007,bt,,Grab Bag,hri_challenge_bt,capability_finished,1787134319437032230,,
phase_bt_grab_bag_20260819_121059_007,bt,,Grab Bag,hri_challenge_bt,transition_to_next,1787134319437053961,,
phase_bt_grab_bag_20260819_121200_000,bt,,Grab Bag,hri_challenge_bt,capability_executable,1787134328134378708,,
phase_bt_grab_bag_20260819_121200_000,bt,,Grab Bag,hri_challenge_bt,first_bt_action_start,1787134328134579454,,
phase_bt_grab_bag_20260819_121200_000,bt,,Grab Bag,hri_challenge_bt,last_bt_action_finish,1787134370483985715,,
phase_bt_grab_bag_20260819_121200_000,bt,,Grab Bag,hri_challenge_bt,capability_finished,1787134370484136508,,
phase_bt_grab_bag_20260819_121200_000,bt,,Grab Bag,hri_challenge_bt,transition_to_next,1787134370484155463,,
phase_bt_grab_bag_20260819_121251_009,bt,,Grab Bag,hri_challenge_bt,capability_executable,1787134376090092746,,
phase_bt_grab_bag_20260819_121251_009,bt,,Grab Bag,hri_challenge_bt,first_bt_action_start,1787134376090358114,,
phase_bt_grab_bag_20260819_121251_009,bt,,Grab Bag,hri_challenge_bt,last_bt_action_finish,1787134417895357335,,
phase_bt_grab_bag_20260819_121251_009,bt,,Grab Bag,hri_challenge_bt,capability_finished,1787134417895516694,,
phase_bt_grab_bag_20260819_121251_009,bt,,Grab Bag,hri_challenge_bt,transition_to_next,1787134417895537002,,
phase_bt_grab_bag_20260819_121338_003,bt,,Grab Bag,hri_challenge_bt,capability_executable,1787134424083658562,,
phase_bt_grab_bag_20260819_121338_003,bt,,Grab Bag,hri_challenge_bt,first_bt_action_start,1787134424083917979,,
phase_bt_grab_bag_20260819_121338_003,bt,,Grab Bag,hri_challenge_bt,last_bt_action_finish,1787134467900334376,,
phase_bt_grab_bag_20260819_121338_003,bt,,Grab Bag,hri_challenge_bt,capability_finished,1787134467900489577,,
phase_bt_grab_bag_20260819_121338_003,bt,,Grab Bag,hri_challenge_bt,transition_to_next,1787134467900515797,,
phase_bt_grab_bag_20260819_121428_001,bt,,Grab Bag,hri_challenge_bt,capability_executable,1787134476325574481,,
phase_bt_grab_bag_20260819_121428_001,bt,,Grab Bag,hri_challenge_bt,first_bt_action_start,1787134476325802459,,
phase_bt_grab_bag_20260819_121428_001,bt,,Grab Bag,hri_challenge_bt,last_bt_action_finish,1787134531307155408,,
phase_bt_grab_bag_20260819_121428_001,bt,,Grab Bag,hri_challenge_bt,capability_finished,1787134531307298427,,
phase_bt_grab_bag_20260819_121428_001,bt,,Grab Bag,hri_challenge_bt,transition_to_next,1787134531307324616,,
phase_modular_grab_bag_20260819_121532_006,modular,runtime_flow,Grab Bag,grab_bag_cognitive_module,capability_decision,1787134542530766504,,
phase_modular_grab_bag_20260819_121532_006,modular,runtime_flow,Grab Bag,grab_bag_cognitive_module,lifecycle_activation_request,1787134542533088741,,
phase_modular_grab_bag_20260819_121532_006,modular,runtime_flow,Grab Bag,grab_bag_cognitive_module,lifecycle_activated,1787134542864698151,true,
phase_modular_grab_bag_20260819_121532_006,modular,,Grab Bag,grab_bag_cognitive_module_bt_node,first_bt_action_start,1787134542866337647,,
phase_modular_grab_bag_20260819_121532_006,modular,,Grab Bag,grab_bag_cognitive_module_bt_node,last_bt_action_finish,1787134586633112097,,
phase_modular_grab_bag_20260819_121532_006,modular,,Grab Bag,grab_bag_cognitive_module,capability_finished,1787134586634084542,true,[32mSUCCESS[0m
phase_modular_grab_bag_20260819_121532_006,modular,runtime_flow,Grab Bag,grab_bag_cognitive_module,completion_received,1787134586634802509,true,
phase_modular_grab_bag_20260819_121532_006,modular,runtime_flow,Grab Bag,grab_bag_cognitive_module,lifecycle_deactivated,1787134586858148280,true,
phase_modular_grab_bag_20260819_121629_003,modular,runtime_flow,Grab Bag,grab_bag_cognitive_module,capability_decision,1787134599090714378,,
phase_modular_grab_bag_20260819_121629_003,modular,runtime_flow,Grab Bag,grab_bag_cognitive_module,lifecycle_activation_request,1787134599092250020,,
phase_modular_grab_bag_20260819_121629_003,modular,runtime_flow,Grab Bag,grab_bag_cognitive_module,lifecycle_activated,1787134599383192111,true,
phase_modular_grab_bag_20260819_121629_003,modular,,Grab Bag,grab_bag_cognitive_module_bt_node,first_bt_action_start,1787134599385298483,,
phase_modular_grab_bag_20260819_121629_003,modular,,Grab Bag,grab_bag_cognitive_module_bt_node,last_bt_action_finish,1787134649074054158,,
phase_modular_grab_bag_20260819_121629_003,modular,,Grab Bag,grab_bag_cognitive_module,capability_finished,1787134649075377170,true,[32mSUCCESS[0m
phase_modular_grab_bag_20260819_121629_003,modular,runtime_flow,Grab Bag,grab_bag_cognitive_module,completion_received,1787134649076232495,true,
phase_modular_grab_bag_20260819_121629_003,modular,runtime_flow,Grab Bag,grab_bag_cognitive_module,lifecycle_deactivated,1787134649323988172,true,
phase_modular_grab_bag_20260819_121732_005,modular,runtime_flow,Grab Bag,grab_bag_cognitive_module,capability_decision,1787134662647964892,,
phase_modular_grab_bag_20260819_121732_005,modular,runtime_flow,Grab Bag,grab_bag_cognitive_module,lifecycle_activation_request,1787134662650011692,,
phase_modular_grab_bag_20260819_121732_005,modular,runtime_flow,Grab Bag,grab_bag_cognitive_module,lifecycle_activated,1787134662966660716,true,
phase_modular_grab_bag_20260819_121732_005,modular,,Grab Bag,grab_bag_cognitive_module_bt_node,first_bt_action_start,1787134662967839428,,
phase_modular_grab_bag_20260819_121732_005,modular,,Grab Bag,grab_bag_cognitive_module_bt_node,last_bt_action_finish,1787134703429408782,,
phase_modular_grab_bag_20260819_121732_005,modular,,Grab Bag,grab_bag_cognitive_module,capability_finished,1787134703430450897,true,[32mSUCCESS[0m
phase_modular_grab_bag_20260819_121732_005,modular,runtime_flow,Grab Bag,grab_bag_cognitive_module,completion_received,1787134703431092020,true,
phase_modular_grab_bag_20260819_121732_005,modular,runtime_flow,Grab Bag,grab_bag_cognitive_module,lifecycle_deactivated,1787134703669568856,true,
phase_modular_greeting_20260819_122421_009,modular,runtime_flow,Greeting,greeting_guest_cognitive_module,capability_decision,1787135070116984956,,
phase_modular_greeting_20260819_122421_009,modular,runtime_flow,Greeting,greeting_guest_cognitive_module,lifecycle_activation_request,1787135070118709184,,
phase_modular_greeting_20260819_122421_009,modular,runtime_flow,Greeting,greeting_guest_cognitive_module,lifecycle_activated,1787135070756553690,true,
phase_modular_greeting_20260819_122421_009,modular,,Greeting,greeting_guest_cognitive_module_bt_node,first_bt_action_start,1787135070759082710,,
phase_modular_greeting_20260819_122421_009,modular,,Greeting,greeting_guest_cognitive_module_bt_node,last_bt_action_finish,1787135132985175290,,
phase_modular_greeting_20260819_122421_009,modular,,Greeting,greeting_guest_cognitive_module,capability_finished,1787135132987092551,true,[32mSUCCESS[0m
phase_modular_greeting_20260819_122421_009,modular,runtime_flow,Greeting,greeting_guest_cognitive_module,completion_received,1787135132987919964,true,
phase_modular_greeting_20260819_122421_009,modular,runtime_flow,Greeting,greeting_guest_cognitive_module,lifecycle_deactivated,1787135133615951071,true,
phase_bt_greeting_20260819_122537_002,bt,,Greeting,hri_challenge_bt,capability_executable,1787135140310136768,,
phase_bt_greeting_20260819_122537_002,bt,,Greeting,hri_challenge_bt,first_bt_action_start,1787135140310360639,,
phase_bt_greeting_20260819_122537_002,bt,,Greeting,hri_challenge_bt,last_bt_action_finish,1787135171433706964,,
phase_bt_greeting_20260819_122537_002,bt,,Greeting,hri_challenge_bt,capability_finished,1787135171433850654,,
phase_bt_greeting_20260819_122537_002,bt,,Greeting,hri_challenge_bt,transition_to_next,1787135171433864059,,
phase_bt_greeting_20260819_122612_001,bt,,Greeting,hri_challenge_bt,capability_executable,1787135180788598847,,
phase_bt_greeting_20260819_122612_001,bt,,Greeting,hri_challenge_bt,first_bt_action_start,1787135180788805485,,
phase_bt_greeting_20260819_122612_001,bt,,Greeting,hri_challenge_bt,last_bt_action_finish,1787135213227524291,,
phase_bt_greeting_20260819_122612_001,bt,,Greeting,hri_challenge_bt,capability_finished,1787135213227726581,,
phase_bt_greeting_20260819_122612_001,bt,,Greeting,hri_challenge_bt,transition_to_next,1787135213227742140,,
phase_modular_greeting_20260819_122654_006,modular,runtime_flow,Greeting,greeting_guest_cognitive_module,capability_decision,1787135223029014404,,
phase_modular_greeting_20260819_122654_006,modular,runtime_flow,Greeting,greeting_guest_cognitive_module,lifecycle_activation_request,1787135223030246619,,
phase_modular_greeting_20260819_122654_006,modular,runtime_flow,Greeting,greeting_guest_cognitive_module,lifecycle_activated,1787135223697404430,true,
phase_modular_greeting_20260819_122654_006,modular,,Greeting,greeting_guest_cognitive_module_bt_node,first_bt_action_start,1787135223699977062,,
phase_modular_greeting_20260819_122654_006,modular,,Greeting,greeting_guest_cognitive_module_bt_node,last_bt_action_finish,1787135264099545168,,
phase_modular_greeting_20260819_122654_006,modular,,Greeting,greeting_guest_cognitive_module,capability_finished,1787135264100955006,true,[32mSUCCESS[0m
phase_modular_greeting_20260819_122654_006,modular,runtime_flow,Greeting,greeting_guest_cognitive_module,completion_received,1787135264101743387,true,
phase_modular_greeting_20260819_122654_006,modular,runtime_flow,Greeting,greeting_guest_cognitive_module,lifecycle_deactivated,1787135264737280180,true,
phase_modular_greeting_20260819_122746_000,modular,runtime_flow,Greeting,greeting_guest_cognitive_module,capability_decision,1787135275749248805,,
phase_modular_greeting_20260819_122746_000,modular,runtime_flow,Greeting,greeting_guest_cognitive_module,lifecycle_activation_request,1787135275750684612,,
phase_modular_greeting_20260819_122746_000,modular,runtime_flow,Greeting,greeting_guest_cognitive_module,lifecycle_activated,1787135276413987552,true,
phase_modular_greeting_20260819_122746_000,modular,,Greeting,greeting_guest_cognitive_module_bt_node,first_bt_action_start,1787135276416294635,,
phase_modular_greeting_20260819_122746_000,modular,,Greeting,greeting_guest_cognitive_module_bt_node,last_bt_action_finish,1787135308528576587,,
phase_modular_greeting_20260819_122746_000,modular,,Greeting,greeting_guest_cognitive_module,capability_finished,1787135308530557759,true,[32mSUCCESS[0m
phase_modular_greeting_20260819_122746_000,modular,runtime_flow,Greeting,greeting_guest_cognitive_module,completion_received,1787135308531448161,true,
phase_modular_greeting_20260819_122746_000,modular,runtime_flow,Greeting,greeting_guest_cognitive_module,lifecycle_deactivated,1787135309154846794,true,
phase_bt_greeting_20260819_122831_007,bt,,Greeting,hri_challenge_bt,capability_executable,1787135316499708972,,
phase_bt_greeting_20260819_122831_007,bt,,Greeting,hri_challenge_bt,first_bt_action_start,1787135316499837604,,
phase_bt_greeting_20260819_122831_007,bt,,Greeting,hri_challenge_bt,last_bt_action_finish,1787135348600732706,,
phase_bt_greeting_20260819_122831_007,bt,,Greeting,hri_challenge_bt,capability_finished,1787135348600892537,,
phase_bt_greeting_20260819_122831_007,bt,,Greeting,hri_challenge_bt,transition_to_next,1787135348600921160,,
phase_bt_greeting_20260819_122909_003,bt,,Greeting,hri_challenge_bt,capability_executable,1787135356653451524,,
phase_bt_greeting_20260819_122909_003,bt,,Greeting,hri_challenge_bt,first_bt_action_start,1787135356653654065,,
phase_bt_greeting_20260819_122909_003,bt,,Greeting,hri_challenge_bt,last_bt_action_finish,1787135389667023067,,
phase_bt_greeting_20260819_122909_003,bt,,Greeting,hri_challenge_bt,capability_finished,1787135389667162930,,
phase_bt_greeting_20260819_122909_003,bt,,Greeting,hri_challenge_bt,transition_to_next,1787135389667184611,,
phase_modular_greeting_20260819_122950_008,modular,runtime_flow,Greeting,greeting_guest_cognitive_module,capability_decision,1787135399516001200,,
phase_modular_greeting_20260819_122950_008,modular,runtime_flow,Greeting,greeting_guest_cognitive_module,lifecycle_activation_request,1787135399517259574,,
phase_modular_greeting_20260819_122950_008,modular,runtime_flow,Greeting,greeting_guest_cognitive_module,lifecycle_activated,1787135400186076191,true,
phase_modular_greeting_20260819_122950_008,modular,,Greeting,greeting_guest_cognitive_module_bt_node,first_bt_action_start,1787135400188211572,,
phase_modular_greeting_20260819_122950_008,modular,,Greeting,greeting_guest_cognitive_module_bt_node,last_bt_action_finish,1787135442064412749,,
phase_modular_greeting_20260819_122950_008,modular,,Greeting,greeting_guest_cognitive_module,capability_finished,1787135442065311829,true,[32mSUCCESS[0m
phase_modular_greeting_20260819_122950_008,modular,runtime_flow,Greeting,greeting_guest_cognitive_module,completion_received,1787135442066127312,true,
phase_modular_greeting_20260819_122950_008,modular,runtime_flow,Greeting,greeting_guest_cognitive_module,lifecycle_deactivated,1787135442685894679,true,
phase_modular_greeting_20260819_123044_007,modular,runtime_flow,Greeting,greeting_guest_cognitive_module,capability_decision,1787135453732343322,,
phase_modular_greeting_20260819_123044_007,modular,runtime_flow,Greeting,greeting_guest_cognitive_module,lifecycle_activation_request,1787135453733671809,,
phase_modular_greeting_20260819_123044_007,modular,runtime_flow,Greeting,greeting_guest_cognitive_module,lifecycle_activated,1787135454399156342,true,
phase_modular_greeting_20260819_123044_007,modular,,Greeting,greeting_guest_cognitive_module_bt_node,first_bt_action_start,1787135454401603121,,
phase_modular_greeting_20260819_123044_007,modular,,Greeting,greeting_guest_cognitive_module_bt_node,last_bt_action_finish,1787135492396184576,,
phase_modular_greeting_20260819_123044_007,modular,,Greeting,greeting_guest_cognitive_module,capability_finished,1787135492397949524,true,[32mSUCCESS[0m
phase_modular_greeting_20260819_123044_007,modular,runtime_flow,Greeting,greeting_guest_cognitive_module,completion_received,1787135492398761299,true,
phase_modular_greeting_20260819_123044_007,modular,runtime_flow,Greeting,greeting_guest_cognitive_module,lifecycle_deactivated,1787135493028880245,true,
phase_bt_greeting_20260819_123135_006,bt,,Greeting,hri_challenge_bt,capability_executable,1787135500472420001,,
phase_bt_greeting_20260819_123135_006,bt,,Greeting,hri_challenge_bt,first_bt_action_start,1787135500472584320,,
phase_bt_greeting_20260819_123135_006,bt,,Greeting,hri_challenge_bt,last_bt_action_finish,1787135541037580798,,
phase_bt_greeting_20260819_123135_006,bt,,Greeting,hri_challenge_bt,capability_finished,1787135541037718708,,
phase_bt_greeting_20260819_123135_006,bt,,Greeting,hri_challenge_bt,transition_to_next,1787135541037739888,,
phase_modular_greeting_20260819_123222_003,modular,runtime_flow,Greeting,greeting_guest_cognitive_module,capability_decision,1787135551135843898,,
phase_modular_greeting_20260819_123222_003,modular,runtime_flow,Greeting,greeting_guest_cognitive_module,lifecycle_activation_request,1787135551137029977,,
phase_modular_greeting_20260819_123222_003,modular,runtime_flow,Greeting,greeting_guest_cognitive_module,lifecycle_activated,1787135551803769579,true,
phase_modular_greeting_20260819_123222_003,modular,,Greeting,greeting_guest_cognitive_module_bt_node,first_bt_action_start,1787135551806068030,,
phase_modular_greeting_20260819_123222_003,modular,,Greeting,greeting_guest_cognitive_module_bt_node,last_bt_action_finish,1787135587111133413,,
phase_modular_greeting_20260819_123222_003,modular,,Greeting,greeting_guest_cognitive_module,capability_finished,1787135587111762475,true,[32mSUCCESS[0m
phase_modular_greeting_20260819_123222_003,modular,runtime_flow,Greeting,greeting_guest_cognitive_module,completion_received,1787135587112577387,true,
phase_modular_greeting_20260819_123222_003,modular,runtime_flow,Greeting,greeting_guest_cognitive_module,lifecycle_deactivated,1787135587745875338,true,
phase_modular_greeting_20260819_123309_004,modular,runtime_flow,Greeting,greeting_guest_cognitive_module,capability_decision,1787135598958206415,,
phase_modular_greeting_20260819_123309_004,modular,runtime_flow,Greeting,greeting_guest_cognitive_module,lifecycle_activation_request,1787135598960134720,,
phase_modular_greeting_20260819_123309_004,modular,runtime_flow,Greeting,greeting_guest_cognitive_module,lifecycle_activated,1787135599740604234,true,
phase_modular_greeting_20260819_123309_004,modular,,Greeting,greeting_guest_cognitive_module_bt_node,first_bt_action_start,1787135599742606388,,
phase_modular_greeting_20260819_123309_004,modular,,Greeting,greeting_guest_cognitive_module_bt_node,last_bt_action_finish,1787135632437903994,,
phase_modular_greeting_20260819_123309_004,modular,,Greeting,greeting_guest_cognitive_module,capability_finished,1787135632438884758,true,[32mSUCCESS[0m
phase_modular_greeting_20260819_123309_004,modular,runtime_flow,Greeting,greeting_guest_cognitive_module,completion_received,1787135632439557412,true,
phase_modular_greeting_20260819_123309_004,modular,runtime_flow,Greeting,greeting_guest_cognitive_module,lifecycle_deactivated,1787135633111284259,true,
phase_modular_greeting_20260819_123355_002,modular,runtime_flow,Greeting,greeting_guest_cognitive_module,capability_decision,1787135644126574272,,
phase_modular_greeting_20260819_123355_002,modular,runtime_flow,Greeting,greeting_guest_cognitive_module,lifecycle_activation_request,1787135644127894013,,
phase_modular_greeting_20260819_123355_002,modular,runtime_flow,Greeting,greeting_guest_cognitive_module,lifecycle_activated,1787135644881765961,true,
phase_modular_greeting_20260819_123355_002,modular,,Greeting,greeting_guest_cognitive_module_bt_node,first_bt_action_start,1787135644884044353,,
phase_modular_greeting_20260819_123355_002,modular,,Greeting,greeting_guest_cognitive_module_bt_node,last_bt_action_finish,1787135677427262691,,
phase_modular_greeting_20260819_123355_002,modular,,Greeting,greeting_guest_cognitive_module,capability_finished,1787135677427906892,true,[32mSUCCESS[0m
phase_modular_greeting_20260819_123355_002,modular,runtime_flow,Greeting,greeting_guest_cognitive_module,completion_received,1787135677428618821,true,
phase_modular_greeting_20260819_123355_002,modular,runtime_flow,Greeting,greeting_guest_cognitive_module,lifecycle_deactivated,1787135678069732022,true,
phase_bt_greeting_20260819_123440_009,bt,,Greeting,hri_challenge_bt,capability_executable,1787135684398933250,,
phase_bt_greeting_20260819_123440_009,bt,,Greeting,hri_challenge_bt,first_bt_action_start,1787135684399145469,,
phase_bt_greeting_20260819_123440_009,bt,,Greeting,hri_challenge_bt,last_bt_action_finish,1787135716785771365,,
phase_bt_greeting_20260819_123440_009,bt,,Greeting,hri_challenge_bt,capability_finished,1787135716785872395,,
phase_bt_greeting_20260819_123440_009,bt,,Greeting,hri_challenge_bt,transition_to_next,1787135716785884828,,
phase_bt_greeting_20260819_123517_008,bt,,Greeting,hri_challenge_bt,capability_executable,1787135724623135656,,
phase_bt_greeting_20260819_123517_008,bt,,Greeting,hri_challenge_bt,first_bt_action_start,1787135724623290567,,
phase_bt_greeting_20260819_123517_008,bt,,Greeting,hri_challenge_bt,last_bt_action_finish,1787135765057301489,,
phase_bt_greeting_20260819_123517_008,bt,,Greeting,hri_challenge_bt,capability_finished,1787135765057437554,,
phase_bt_greeting_20260819_123517_008,bt,,Greeting,hri_challenge_bt,transition_to_next,1787135765057455057,,
phase_modular_greeting_20260819_123606_001,modular,runtime_flow,Greeting,greeting_guest_cognitive_module,capability_decision,1787135775110337952,,
phase_modular_greeting_20260819_123606_001,modular,runtime_flow,Greeting,greeting_guest_cognitive_module,lifecycle_activation_request,1787135775111684093,,
phase_modular_greeting_20260819_123606_001,modular,runtime_flow,Greeting,greeting_guest_cognitive_module,lifecycle_activated,1787135775786507751,true,
phase_modular_greeting_20260819_123606_001,modular,,Greeting,greeting_guest_cognitive_module_bt_node,first_bt_action_start,1787135775789124580,,
phase_modular_greeting_20260819_123606_001,modular,,Greeting,greeting_guest_cognitive_module_bt_node,last_bt_action_finish,1787135814472210980,,
phase_modular_greeting_20260819_123606_001,modular,,Greeting,greeting_guest_cognitive_module,capability_finished,1787135814473026763,true,[32mSUCCESS[0m
phase_modular_greeting_20260819_123606_001,modular,runtime_flow,Greeting,greeting_guest_cognitive_module,completion_received,1787135814473823380,true,
phase_modular_greeting_20260819_123606_001,modular,runtime_flow,Greeting,greeting_guest_cognitive_module,lifecycle_deactivated,1787135815094412212,true,
phase_bt_greeting_20260819_123657_004,bt,,Greeting,hri_challenge_bt,capability_executable,1787135820320995593,,
phase_bt_greeting_20260819_123657_004,bt,,Greeting,hri_challenge_bt,first_bt_action_start,1787135820321241144,,
phase_bt_greeting_20260819_123657_004,bt,,Greeting,hri_challenge_bt,last_bt_action_finish,1787135880057273148,,
phase_bt_greeting_20260819_123657_004,bt,,Greeting,hri_challenge_bt,capability_finished,1787135880057407992,,
phase_bt_greeting_20260819_123657_004,bt,,Greeting,hri_challenge_bt,transition_to_next,1787135880057427008,,
phase_modular_greeting_20260819_123801_005,modular,runtime_flow,Greeting,greeting_guest_cognitive_module,capability_decision,1787135890354525222,,
phase_modular_greeting_20260819_123801_005,modular,runtime_flow,Greeting,greeting_guest_cognitive_module,lifecycle_activation_request,1787135890355787715,,
phase_modular_greeting_20260819_123801_005,modular,runtime_flow,Greeting,greeting_guest_cognitive_module,lifecycle_activated,1787135891020887395,true,
phase_modular_greeting_20260819_123801_005,modular,,Greeting,greeting_guest_cognitive_module_bt_node,first_bt_action_start,1787135891025091768,,
phase_modular_greeting_20260819_123801_005,modular,,Greeting,greeting_guest_cognitive_module_bt_node,last_bt_action_finish,1787135948837010707,,
phase_modular_greeting_20260819_123801_005,modular,,Greeting,greeting_guest_cognitive_module,capability_finished,1787135948837886541,true,[32mSUCCESS[0m
phase_modular_greeting_20260819_123801_005,modular,runtime_flow,Greeting,greeting_guest_cognitive_module,completion_received,1787135948838527254,true,
phase_modular_greeting_20260819_123801_005,modular,runtime_flow,Greeting,greeting_guest_cognitive_module,lifecycle_deactivated,1787135949473765065,true,
phase_bt_greeting_20260819_123912_000,bt,,Greeting,hri_challenge_bt,capability_executable,1787135956340689566,,
phase_bt_greeting_20260819_123912_000,bt,,Greeting,hri_challenge_bt,first_bt_action_start,1787135956340906213,,
phase_bt_greeting_20260819_123912_000,bt,,Greeting,hri_challenge_bt,last_bt_action_finish,1787135996526522352,,
phase_bt_greeting_20260819_123912_000,bt,,Greeting,hri_challenge_bt,capability_finished,1787135996526656323,,
phase_bt_greeting_20260819_123912_000,bt,,Greeting,hri_challenge_bt,transition_to_next,1787135996526678305,,
phase_bt_greeting_20260819_123957_005,bt,,Greeting,hri_challenge_bt,capability_executable,1787136004652746081,,
phase_bt_greeting_20260819_123957_005,bt,,Greeting,hri_challenge_bt,first_bt_action_start,1787136004652919417,,
phase_bt_greeting_20260819_123957_005,bt,,Greeting,hri_challenge_bt,last_bt_action_finish,1787136046920582031,,
phase_bt_greeting_20260819_123957_005,bt,,Greeting,hri_challenge_bt,capability_finished,1787136046920754315,,
phase_bt_greeting_20260819_123957_005,bt,,Greeting,hri_challenge_bt,transition_to_next,1787136046920771006,,
