run_id,architecture,capability,event,timestamp_ns,relative_ms
phase_fsm_greeting_20260820_104040_001,fsm,greeting,fsm_idle_footprint_start,1787215242100522343,0.0
phase_fsm_greeting_20260820_104040_001,fsm,greeting,fsm_idle_footprint_end,1787215245295517842,3194.995499
phase_fsm_greeting_20260820_104040_001,fsm,greeting,execution_start,1787215245295517842,3194.995499
phase_fsm_greeting_20260820_104040_001,fsm,greeting,execution_end,1787215245296275236,3195.752893
phase_fsm_greeting_20260820_104040_001,fsm,greeting,e2e_capability_start,1787215245295517842,3194.995499
phase_fsm_greeting_20260820_104040_001,fsm,greeting,e2e_capability_end,1787215245296275236,3195.752893
phase_fsm_greeting_20260820_104040_001,fsm,greeting,e2e_active_start,1787215245295517842,3194.995499
phase_fsm_greeting_20260820_104040_001,fsm,greeting,e2e_active_end,1787215245296275236,3195.752893
phase_fsm_greeting_20260820_104040_001,fsm,greeting,e2e_with_fsm_idle_start,1787215242100522343,0.0
phase_fsm_greeting_20260820_104040_001,fsm,greeting,e2e_with_fsm_idle_end,1787215245296275236,3195.752893
phase_fsm_greeting_20260820_104045_009,fsm,greeting,fsm_idle_footprint_start,1787215247557525106,0.0
phase_fsm_greeting_20260820_104045_009,fsm,greeting,fsm_idle_footprint_end,1787215250597513355,3039.988249
phase_fsm_greeting_20260820_104045_009,fsm,greeting,execution_start,1787215250597513355,3039.988249
phase_fsm_greeting_20260820_104045_009,fsm,greeting,execution_end,1787215250598144120,3040.619014
phase_fsm_greeting_20260820_104045_009,fsm,greeting,e2e_capability_start,1787215250597513355,3039.988249
phase_fsm_greeting_20260820_104045_009,fsm,greeting,e2e_capability_end,1787215250598144120,3040.619014
phase_fsm_greeting_20260820_104045_009,fsm,greeting,e2e_active_start,1787215250597513355,3039.988249
phase_fsm_greeting_20260820_104045_009,fsm,greeting,e2e_active_end,1787215250598144120,3040.619014
phase_fsm_greeting_20260820_104045_009,fsm,greeting,e2e_with_fsm_idle_start,1787215247557525106,0.0
phase_fsm_greeting_20260820_104045_009,fsm,greeting,e2e_with_fsm_idle_end,1787215250598144120,3040.619014
phase_fsm_greeting_20260820_104050_005,fsm,greeting,fsm_idle_footprint_start,1787215252834524038,0.0
phase_fsm_greeting_20260820_104050_005,fsm,greeting,fsm_idle_footprint_end,1787215255869513542,3034.989504
phase_fsm_greeting_20260820_104050_005,fsm,greeting,execution_start,1787215255869513542,3034.989504
phase_fsm_greeting_20260820_104050_005,fsm,greeting,execution_end,1787215255870276216,3035.752178
phase_fsm_greeting_20260820_104050_005,fsm,greeting,e2e_capability_start,1787215255869513542,3034.989504
phase_fsm_greeting_20260820_104050_005,fsm,greeting,e2e_capability_end,1787215255870276216,3035.752178
phase_fsm_greeting_20260820_104050_005,fsm,greeting,e2e_active_start,1787215255869513542,3034.989504
phase_fsm_greeting_20260820_104050_005,fsm,greeting,e2e_active_end,1787215255870276216,3035.752178
phase_fsm_greeting_20260820_104050_005,fsm,greeting,e2e_with_fsm_idle_start,1787215252834524038,0.0
phase_fsm_greeting_20260820_104050_005,fsm,greeting,e2e_with_fsm_idle_end,1787215255870276216,3035.752178
phase_fsm_greeting_20260820_104056_004,fsm,greeting,fsm_idle_footprint_start,1787215258098518640,0.0
phase_fsm_greeting_20260820_104056_004,fsm,greeting,fsm_idle_footprint_end,1787215261135516868,3036.998228
phase_fsm_greeting_20260820_104056_004,fsm,greeting,execution_start,1787215261135516868,3036.998228
phase_fsm_greeting_20260820_104056_004,fsm,greeting,execution_end,1787215261136170577,3037.651937
phase_fsm_greeting_20260820_104056_004,fsm,greeting,e2e_capability_start,1787215261135516868,3036.998228
phase_fsm_greeting_20260820_104056_004,fsm,greeting,e2e_capability_end,1787215261136170577,3037.651937
phase_fsm_greeting_20260820_104056_004,fsm,greeting,e2e_active_start,1787215261135516868,3036.998228
phase_fsm_greeting_20260820_104056_004,fsm,greeting,e2e_active_end,1787215261136170577,3037.651937
phase_fsm_greeting_20260820_104056_004,fsm,greeting,e2e_with_fsm_idle_start,1787215258098518640,0.0
phase_fsm_greeting_20260820_104056_004,fsm,greeting,e2e_with_fsm_idle_end,1787215261136170577,3037.651937
phase_fsm_greeting_20260820_104428_006,fsm,greeting,fsm_idle_footprint_start,1787215470553266662,0.0
phase_fsm_greeting_20260820_104428_006,fsm,greeting,fsm_idle_footprint_end,1787215473724513055,3171.246393
phase_fsm_greeting_20260820_104428_006,fsm,greeting,execution_start,1787215473724513055,3171.246393
phase_fsm_greeting_20260820_104428_006,fsm,greeting,execution_end,1787215476043199506,5489.932844
phase_fsm_greeting_20260820_104428_006,fsm,greeting,e2e_capability_start,1787215473724513055,3171.246393
phase_fsm_greeting_20260820_104428_006,fsm,greeting,e2e_capability_end,1787215476043199506,5489.932844
phase_fsm_greeting_20260820_104428_006,fsm,greeting,e2e_active_start,1787215473724513055,3171.246393
phase_fsm_greeting_20260820_104428_006,fsm,greeting,e2e_active_end,1787215476043199506,5489.932844
phase_fsm_greeting_20260820_104428_006,fsm,greeting,e2e_with_fsm_idle_start,1787215470553266662,0.0
phase_fsm_greeting_20260820_104428_006,fsm,greeting,e2e_with_fsm_idle_end,1787215476043199506,5489.932844
phase_fsm_greeting_20260820_105153_004,fsm,greeting,fsm_idle_footprint_start,1787215915686270693,0.0
phase_fsm_greeting_20260820_105153_004,fsm,greeting,fsm_idle_footprint_end,1787215918872514848,3186.244155
phase_fsm_greeting_20260820_105153_004,fsm,greeting,lifecycle_activation_start,1787215918872514848,3186.244155
phase_fsm_greeting_20260820_105153_004,fsm,greeting,lifecycle_activation_end,1787215919191775689,3505.504996
phase_fsm_greeting_20260820_105153_004,fsm,greeting,execution_start,1787215919191775689,3505.504996
phase_fsm_greeting_20260820_105153_004,fsm,greeting,execution_end,1787215922945159575,7258.888882
phase_fsm_greeting_20260820_105153_004,fsm,greeting,e2e_capability_start,1787215919191775689,3505.504996
phase_fsm_greeting_20260820_105153_004,fsm,greeting,e2e_capability_end,1787215922945159575,7258.888882
phase_fsm_greeting_20260820_105153_004,fsm,greeting,completion_propagation_start,1787215922945159575,7258.888882
phase_fsm_greeting_20260820_105153_004,fsm,greeting,completion_propagation_end,1787215923452527353,7766.25666
phase_fsm_greeting_20260820_105153_004,fsm,greeting,e2e_active_start,1787215918872514848,3186.244155
phase_fsm_greeting_20260820_105153_004,fsm,greeting,e2e_active_end,1787215923452527353,7766.25666
phase_fsm_greeting_20260820_105153_004,fsm,greeting,e2e_with_fsm_idle_start,1787215915686270693,0.0
phase_fsm_greeting_20260820_105153_004,fsm,greeting,e2e_with_fsm_idle_end,1787215923452527353,7766.25666
phase_fsm_greeting_20260820_105206_009,fsm,greeting,fsm_idle_footprint_start,1787215928079719447,0.0
phase_fsm_greeting_20260820_105206_009,fsm,greeting,fsm_idle_footprint_end,1787215931122349503,3042.630056
phase_fsm_greeting_20260820_105206_009,fsm,greeting,execution_start,1787215931122349503,3042.630056
phase_fsm_greeting_20260820_105206_009,fsm,greeting,execution_end,1787215935204661700,7124.942253
phase_fsm_greeting_20260820_105206_009,fsm,greeting,e2e_capability_start,1787215931122349503,3042.630056
phase_fsm_greeting_20260820_105206_009,fsm,greeting,e2e_capability_end,1787215935204661700,7124.942253
phase_fsm_greeting_20260820_105206_009,fsm,greeting,completion_propagation_start,1787215935204661700,7124.942253
phase_fsm_greeting_20260820_105206_009,fsm,greeting,completion_propagation_end,1787215935714108620,7634.389173
phase_fsm_greeting_20260820_105206_009,fsm,greeting,e2e_active_start,1787215931122349503,3042.630056
phase_fsm_greeting_20260820_105206_009,fsm,greeting,e2e_active_end,1787215935714108620,7634.389173
phase_fsm_greeting_20260820_105206_009,fsm,greeting,e2e_with_fsm_idle_start,1787215928079719447,0.0
phase_fsm_greeting_20260820_105206_009,fsm,greeting,e2e_with_fsm_idle_end,1787215935714108620,7634.389173
phase_fsm_greeting_20260820_105217_005,fsm,greeting,fsm_idle_footprint_start,1787215939060300045,0.0
phase_fsm_greeting_20260820_105217_005,fsm,greeting,fsm_idle_footprint_end,1787215942086710344,3026.410299
phase_fsm_greeting_20260820_105217_005,fsm,greeting,execution_start,1787215942086710344,3026.410299
phase_fsm_greeting_20260820_105217_005,fsm,greeting,execution_end,1787215945978860746,6918.560701
phase_fsm_greeting_20260820_105217_005,fsm,greeting,e2e_capability_start,1787215942086710344,3026.410299
phase_fsm_greeting_20260820_105217_005,fsm,greeting,e2e_capability_end,1787215945978860746,6918.560701
phase_fsm_greeting_20260820_105217_005,fsm,greeting,completion_propagation_start,1787215945978860746,6918.560701
phase_fsm_greeting_20260820_105217_005,fsm,greeting,completion_propagation_end,1787215946488521477,7428.221432
phase_fsm_greeting_20260820_105217_005,fsm,greeting,e2e_active_start,1787215942086710344,3026.410299
phase_fsm_greeting_20260820_105217_005,fsm,greeting,e2e_active_end,1787215946488521477,7428.221432
phase_fsm_greeting_20260820_105217_005,fsm,greeting,e2e_with_fsm_idle_start,1787215939060300045,0.0
phase_fsm_greeting_20260820_105217_005,fsm,greeting,e2e_with_fsm_idle_end,1787215946488521477,7428.221432
phase_fsm_greeting_20260820_105411_003,fsm,greeting,fsm_idle_footprint_start,1787216053132547348,0.0
phase_fsm_greeting_20260820_105411_003,fsm,greeting,fsm_idle_footprint_end,1787216056273515410,3140.968062
phase_fsm_greeting_20260820_105411_003,fsm,greeting,lifecycle_activation_start,1787216056273515410,3140.968062
phase_fsm_greeting_20260820_105411_003,fsm,greeting,lifecycle_activation_end,1787216056592554455,3460.007107
phase_fsm_greeting_20260820_105411_003,fsm,greeting,execution_start,1787216056592554455,3460.007107
phase_fsm_greeting_20260820_105411_003,fsm,greeting,execution_end,1787216060967578428,7835.03108
phase_fsm_greeting_20260820_105411_003,fsm,greeting,e2e_capability_start,1787216056592554455,3460.007107
phase_fsm_greeting_20260820_105411_003,fsm,greeting,e2e_capability_end,1787216060967578428,7835.03108
phase_fsm_greeting_20260820_105411_003,fsm,greeting,completion_propagation_start,1787216060967578428,7835.03108
phase_fsm_greeting_20260820_105411_003,fsm,greeting,completion_propagation_end,1787216061477140063,8344.592715
phase_fsm_greeting_20260820_105411_003,fsm,greeting,e2e_active_start,1787216056273515410,3140.968062
phase_fsm_greeting_20260820_105411_003,fsm,greeting,e2e_active_end,1787216061477140063,8344.592715
phase_fsm_greeting_20260820_105411_003,fsm,greeting,e2e_with_fsm_idle_start,1787216053132547348,0.0
phase_fsm_greeting_20260820_105411_003,fsm,greeting,e2e_with_fsm_idle_end,1787216061477140063,8344.592715
phase_fsm_greeting_20260820_105424_002,fsm,greeting,fsm_idle_footprint_start,1787216066216250998,0.0
phase_fsm_greeting_20260820_105424_002,fsm,greeting,fsm_idle_footprint_end,1787216069248522041,3032.271043
phase_fsm_greeting_20260820_105424_002,fsm,greeting,lifecycle_activation_start,1787216069248522041,3032.271043
phase_fsm_greeting_20260820_105424_002,fsm,greeting,lifecycle_activation_end,1787216069566844935,3350.593937
phase_fsm_greeting_20260820_105424_002,fsm,greeting,execution_start,1787216069566844935,3350.593937
phase_fsm_greeting_20260820_105424_002,fsm,greeting,execution_end,1787216073599925582,7383.674584
phase_fsm_greeting_20260820_105424_002,fsm,greeting,e2e_capability_start,1787216069566844935,3350.593937
phase_fsm_greeting_20260820_105424_002,fsm,greeting,e2e_capability_end,1787216073599925582,7383.674584
phase_fsm_greeting_20260820_105424_002,fsm,greeting,completion_propagation_start,1787216073599925582,7383.674584
phase_fsm_greeting_20260820_105424_002,fsm,greeting,completion_propagation_end,1787216074117521499,7901.270501
phase_fsm_greeting_20260820_105424_002,fsm,greeting,e2e_active_start,1787216069248522041,3032.271043
phase_fsm_greeting_20260820_105424_002,fsm,greeting,e2e_active_end,1787216074117521499,7901.270501
phase_fsm_greeting_20260820_105424_002,fsm,greeting,e2e_with_fsm_idle_start,1787216066216250998,0.0
phase_fsm_greeting_20260820_105424_002,fsm,greeting,e2e_with_fsm_idle_end,1787216074117521499,7901.270501
