run_id,architecture,capability,phase,window_type,process_role,start_timestamp,end_timestamp,duration_ms,mean_cpu,peak_cpu,mean_rss,peak_rss,mean_pss,peak_pss,energy_j,energy_source,process_count,thread_count,sample_count,sample_reliable
phase_fsm_greeting_20260820_104040_001,fsm,greeting,fsm_idle_footprint,phase,cognitive_module,1787215242100522343,1787215245295517842,3194.995499,0.0,0.0,0.0,0.0,,,,disabled,1,1,27,true
phase_fsm_greeting_20260820_104040_001,fsm,greeting,fsm_idle_footprint,phase,total_measured_processes,1787215242100522343,1787215245295517842,3194.995499,0.0,0.0,0.0,0.0,,,,disabled,1,1,27,true
phase_fsm_greeting_20260820_104040_001,fsm,greeting,e2e_with_fsm_idle,e2e,cognitive_module,1787215242100522343,1787215245296275236,3195.752893,0.0,0.0,0.0,0.0,,,,disabled,1,1,27,true
phase_fsm_greeting_20260820_104040_001,fsm,greeting,e2e_with_fsm_idle,e2e,total_measured_processes,1787215242100522343,1787215245296275236,3195.752893,0.0,0.0,0.0,0.0,,,,disabled,1,1,27,true
phase_fsm_greeting_20260820_104045_009,fsm,greeting,fsm_idle_footprint,phase,cognitive_module,1787215247557525106,1787215250597513355,3039.988249,0.0,0.0,0.0,0.0,,,,disabled,1,1,28,true
phase_fsm_greeting_20260820_104045_009,fsm,greeting,fsm_idle_footprint,phase,total_measured_processes,1787215247557525106,1787215250597513355,3039.988249,0.0,0.0,0.0,0.0,,,,disabled,1,1,28,true
phase_fsm_greeting_20260820_104045_009,fsm,greeting,e2e_with_fsm_idle,e2e,cognitive_module,1787215247557525106,1787215250598144120,3040.619014,0.0,0.0,0.0,0.0,,,,disabled,1,1,28,true
phase_fsm_greeting_20260820_104045_009,fsm,greeting,e2e_with_fsm_idle,e2e,total_measured_processes,1787215247557525106,1787215250598144120,3040.619014,0.0,0.0,0.0,0.0,,,,disabled,1,1,28,true
phase_fsm_greeting_20260820_104050_005,fsm,greeting,fsm_idle_footprint,phase,cognitive_module,1787215252834524038,1787215255869513542,3034.989504,0.0,0.0,0.0,0.0,,,,disabled,1,1,28,true
phase_fsm_greeting_20260820_104050_005,fsm,greeting,fsm_idle_footprint,phase,total_measured_processes,1787215252834524038,1787215255869513542,3034.989504,0.0,0.0,0.0,0.0,,,,disabled,1,1,28,true
phase_fsm_greeting_20260820_104050_005,fsm,greeting,e2e_with_fsm_idle,e2e,cognitive_module,1787215252834524038,1787215255870276216,3035.752178,0.0,0.0,0.0,0.0,,,,disabled,1,1,28,true
phase_fsm_greeting_20260820_104050_005,fsm,greeting,e2e_with_fsm_idle,e2e,total_measured_processes,1787215252834524038,1787215255870276216,3035.752178,0.0,0.0,0.0,0.0,,,,disabled,1,1,28,true
phase_fsm_greeting_20260820_104056_004,fsm,greeting,fsm_idle_footprint,phase,cognitive_module,1787215258098518640,1787215261135516868,3036.998228,0.0,0.0,0.0,0.0,,,,disabled,1,1,28,true
phase_fsm_greeting_20260820_104056_004,fsm,greeting,fsm_idle_footprint,phase,total_measured_processes,1787215258098518640,1787215261135516868,3036.998228,0.0,0.0,0.0,0.0,,,,disabled,1,1,28,true
phase_fsm_greeting_20260820_104056_004,fsm,greeting,e2e_with_fsm_idle,e2e,cognitive_module,1787215258098518640,1787215261136170577,3037.651937,0.0,0.0,0.0,0.0,,,,disabled,1,1,28,true
phase_fsm_greeting_20260820_104056_004,fsm,greeting,e2e_with_fsm_idle,e2e,total_measured_processes,1787215258098518640,1787215261136170577,3037.651937,0.0,0.0,0.0,0.0,,,,disabled,1,1,28,true
phase_fsm_greeting_20260820_104428_006,fsm,greeting,fsm_idle_footprint,phase,cognitive_module,1787215470553266662,1787215473724513055,3171.246393,3.8538409048638504,17.77777777777778,58.69252232142857,60.79296875,35.09556361607143,36.3818359375,,disabled,2,12,28,true
phase_fsm_greeting_20260820_104428_006,fsm,greeting,fsm_idle_footprint,phase,total_measured_processes,1787215470553266662,1787215473724513055,3171.246393,3.8538409048638504,17.77777777777778,58.69252232142857,60.79296875,35.09556361607143,36.3818359375,,disabled,2,12,28,true
phase_fsm_greeting_20260820_104428_006,fsm,greeting,execution,phase,cognitive_module,1787215473724513055,1787215476043199506,2318.686451,4.103873862352961,18.6046511627907,66.850390625,69.51953125,40.540478515625,45.48828125,,disabled,2,12,20,true
phase_fsm_greeting_20260820_104428_006,fsm,greeting,execution,phase,hri_challenge_master_fsm,1787215473724513055,1787215476043199506,2318.686451,6.800259577508993,71.91011235955057,48.2296875,51.52734375,20.057275390625,27.916015625,,disabled,2,13,20,true
phase_fsm_greeting_20260820_104428_006,fsm,greeting,execution,phase,total_measured_processes,1787215473724513055,1787215476043199506,2318.686451,10.904133439861955,80.89887640449439,115.080078125,120.953125,60.59775390625,73.404296875,,disabled,4,25,20,true
phase_fsm_greeting_20260820_104428_006,fsm,greeting,e2e_capability,e2e,cognitive_module,1787215473724513055,1787215476043199506,2318.686451,4.103873862352961,18.6046511627907,66.850390625,69.51953125,40.540478515625,45.48828125,,disabled,2,12,20,true
phase_fsm_greeting_20260820_104428_006,fsm,greeting,e2e_capability,e2e,hri_challenge_master_fsm,1787215473724513055,1787215476043199506,2318.686451,6.800259577508993,71.91011235955057,48.2296875,51.52734375,20.057275390625,27.916015625,,disabled,2,13,20,true
phase_fsm_greeting_20260820_104428_006,fsm,greeting,e2e_capability,e2e,total_measured_processes,1787215473724513055,1787215476043199506,2318.686451,10.904133439861955,80.89887640449439,115.080078125,120.953125,60.59775390625,73.404296875,,disabled,4,25,20,true
phase_fsm_greeting_20260820_104428_006,fsm,greeting,e2e_active,e2e,cognitive_module,1787215473724513055,1787215476043199506,2318.686451,4.103873862352961,18.6046511627907,66.850390625,69.51953125,40.540478515625,45.48828125,,disabled,2,12,20,true
phase_fsm_greeting_20260820_104428_006,fsm,greeting,e2e_active,e2e,hri_challenge_master_fsm,1787215473724513055,1787215476043199506,2318.686451,6.800259577508993,71.91011235955057,48.2296875,51.52734375,20.057275390625,27.916015625,,disabled,2,13,20,true
phase_fsm_greeting_20260820_104428_006,fsm,greeting,e2e_active,e2e,total_measured_processes,1787215473724513055,1787215476043199506,2318.686451,10.904133439861955,80.89887640449439,115.080078125,120.953125,60.59775390625,73.404296875,,disabled,4,25,20,true
phase_fsm_greeting_20260820_104428_006,fsm,greeting,e2e_with_fsm_idle,e2e,cognitive_module,1787215470553266662,1787215476043199506,5489.932844,3.9580213038176466,18.6046511627907,62.091634114583336,69.51953125,37.364278157552086,45.48828125,,disabled,2,12,48,true
phase_fsm_greeting_20260820_104428_006,fsm,greeting,e2e_with_fsm_idle,e2e,hri_challenge_master_fsm,1787215470553266662,1787215476043199506,5489.932844,6.800259577508993,71.91011235955057,48.2296875,51.52734375,20.057275390625,27.916015625,,disabled,2,13,20,true
phase_fsm_greeting_20260820_104428_006,fsm,greeting,e2e_with_fsm_idle,e2e,total_measured_processes,1787215470553266662,1787215476043199506,5489.932844,6.791462794446393,80.89887640449439,82.18733723958333,120.953125,45.721476236979164,73.404296875,,disabled,4,25,48,true
phase_fsm_greeting_20260820_105153_004,fsm,greeting,fsm_idle_footprint,phase,cognitive_module,1787215915686270693,1787215918872514848,3186.244155,3.2242984213987715,18.250950570342205,58.771065848214285,61.12109375,30.605887276785715,31.8125,,disabled,2,12,28,true
phase_fsm_greeting_20260820_105153_004,fsm,greeting,fsm_idle_footprint,phase,total_measured_processes,1787215915686270693,1787215918872514848,3186.244155,3.2242984213987715,18.250950570342205,58.771065848214285,61.12109375,30.605887276785715,31.8125,,disabled,2,12,28,true
phase_fsm_greeting_20260820_105153_004,fsm,greeting,lifecycle_activation,phase,cognitive_module,1787215918872514848,1787215919191775689,319.260841,8.955223880597014,17.91044776119403,63.6640625,66.12109375,33.5458984375,33.5458984375,,disabled,2,12,2,true
phase_fsm_greeting_20260820_105153_004,fsm,greeting,lifecycle_activation,phase,hri_challenge_master_fsm,1787215918872514848,1787215919191775689,319.260841,35.82089552238806,71.64179104477611,33.9765625,45.703125,11.9833984375,11.9833984375,,disabled,2,13,2,true
phase_fsm_greeting_20260820_105153_004,fsm,greeting,lifecycle_activation,phase,total_measured_processes,1787215918872514848,1787215919191775689,319.260841,44.776119402985074,89.55223880597015,97.640625,111.82421875,45.529296875,45.529296875,,disabled,4,25,2,true
phase_fsm_greeting_20260820_105153_004,fsm,greeting,execution,phase,cognitive_module,1787215919191775689,1787215922945159575,3753.383886,6.994565984370609,101.14942528735634,88.68991268382354,90.41796875,52.056468290441174,59.173828125,,disabled,2,37,34,true
phase_fsm_greeting_20260820_105153_004,fsm,greeting,execution,phase,hri_challenge_master_fsm,1787215919191775689,1787215922945159575,3753.383886,4.003816705297432,27.586206896551722,51.23299632352941,53.05859375,24.485179227941178,29.21484375,,disabled,2,36,34,true
phase_fsm_greeting_20260820_105153_004,fsm,greeting,execution,phase,total_measured_processes,1787215919191775689,1787215922945159575,3753.383886,10.998382689668041,128.73563218390805,139.92290900735293,143.4765625,76.54164751838235,88.388671875,,disabled,4,73,34,true
phase_fsm_greeting_20260820_105153_004,fsm,greeting,e2e_capability,e2e,cognitive_module,1787215919191775689,1787215922945159575,3753.383886,6.994565984370609,101.14942528735634,88.68991268382354,90.41796875,52.056468290441174,59.173828125,,disabled,2,37,34,true
phase_fsm_greeting_20260820_105153_004,fsm,greeting,e2e_capability,e2e,hri_challenge_master_fsm,1787215919191775689,1787215922945159575,3753.383886,4.003816705297432,27.586206896551722,51.23299632352941,53.05859375,24.485179227941178,29.21484375,,disabled,2,36,34,true
phase_fsm_greeting_20260820_105153_004,fsm,greeting,e2e_capability,e2e,total_measured_processes,1787215919191775689,1787215922945159575,3753.383886,10.998382689668041,128.73563218390805,139.92290900735293,143.4765625,76.54164751838235,88.388671875,,disabled,4,73,34,true
phase_fsm_greeting_20260820_105153_004,fsm,greeting,completion_propagation,phase,cognitive_module,1787215922945159575,1787215923452527353,507.367778,3.643591737965603,9.195402298850574,90.76015625,90.76171875,59.369140625,59.41796875,,disabled,2,36,5,true
phase_fsm_greeting_20260820_105153_004,fsm,greeting,completion_propagation,phase,hri_challenge_master_fsm,1787215922945159575,1787215923452527353,507.367778,5.393609810690248,9.056603773584907,54.1390625,55.65625,29.92109375,30.09765625,,disabled,2,36,5,true
phase_fsm_greeting_20260820_105153_004,fsm,greeting,completion_propagation,phase,total_measured_processes,1787215922945159575,1787215923452527353,507.367778,9.037201548655851,18.045112781954884,144.89921875,146.41796875,89.290234375,89.515625,,disabled,4,72,5,true
phase_fsm_greeting_20260820_105153_004,fsm,greeting,e2e_active,e2e,cognitive_module,1787215918872514848,1787215923452527353,4580.012505,6.68155243706397,101.14942528735634,87.72160823170732,90.76171875,52.045302972560975,59.41796875,,disabled,2,37,41,true
phase_fsm_greeting_20260820_105153_004,fsm,greeting,e2e_active,e2e,hri_challenge_master_fsm,1787215918872514848,1787215923452527353,4580.012505,5.7253562945936585,71.64179104477611,50.74561737804878,55.65625,24.538252667682926,30.09765625,,disabled,2,36,41,true
phase_fsm_greeting_20260820_105153_004,fsm,greeting,e2e_active,e2e,total_measured_processes,1787215918872514848,1787215923452527353,4580.012505,12.406908731657628,128.73563218390805,138.4672256097561,146.41796875,76.5835556402439,89.515625,,disabled,4,73,41,true
phase_fsm_greeting_20260820_105153_004,fsm,greeting,e2e_with_fsm_idle,e2e,cognitive_module,1787215915686270693,1787215923452527353,7766.25666,5.278608778533164,101.14942528735634,75.97356204710145,90.76171875,43.345250226449274,59.41796875,,disabled,2,37,69,true
phase_fsm_greeting_20260820_105153_004,fsm,greeting,e2e_with_fsm_idle,e2e,hri_challenge_master_fsm,1787215915686270693,1787215923452527353,7766.25666,5.7253562945936585,71.64179104477611,50.74561737804878,55.65625,24.538252667682926,30.09765625,,disabled,2,36,41,true
phase_fsm_greeting_20260820_105153_004,fsm,greeting,e2e_with_fsm_idle,e2e,total_measured_processes,1787215915686270693,1787215923452527353,7766.25666,8.680632084016354,128.73563218390805,106.12675498188406,146.41796875,57.92595108695652,89.515625,,disabled,4,73,69,true
phase_fsm_greeting_20260820_105206_009,fsm,greeting,fsm_idle_footprint,phase,cognitive_module,1787215928079719447,1787215931122349503,3042.630056,3.8294723802869655,18.250950570342205,58.675502232142854,60.05859375,30.431222098214285,31.537109375,,disabled,2,12,28,true
phase_fsm_greeting_20260820_105206_009,fsm,greeting,fsm_idle_footprint,phase,total_measured_processes,1787215928079719447,1787215931122349503,3042.630056,3.8294723802869655,18.250950570342205,58.675502232142854,60.05859375,30.431222098214285,31.537109375,,disabled,2,12,28,true
phase_fsm_greeting_20260820_105206_009,fsm,greeting,execution,phase,cognitive_module,1787215931122349503,1787215935204661700,4082.312197,7.2758092539914925,99.62264150943396,87.38064236111111,90.61328125,51.53076171875,59.2265625,,disabled,2,37,36,true
phase_fsm_greeting_20260820_105206_009,fsm,greeting,execution,phase,hri_challenge_master_fsm,1787215931122349503,1787215935204661700,4082.312197,5.47145037518258,70.07299270072993,49.75531684027778,52.93359375,23.6064453125,28.376953125,,disabled,2,36,36,true
phase_fsm_greeting_20260820_105206_009,fsm,greeting,execution,phase,total_measured_processes,1787215931122349503,1787215935204661700,4082.312197,12.74725962917407,135.8490566037736,137.13595920138889,143.546875,75.13720703125,87.603515625,,disabled,4,73,36,true
phase_fsm_greeting_20260820_105206_009,fsm,greeting,e2e_capability,e2e,cognitive_module,1787215931122349503,1787215935204661700,4082.312197,7.2758092539914925,99.62264150943396,87.38064236111111,90.61328125,51.53076171875,59.2265625,,disabled,2,37,36,true
phase_fsm_greeting_20260820_105206_009,fsm,greeting,e2e_capability,e2e,hri_challenge_master_fsm,1787215931122349503,1787215935204661700,4082.312197,5.47145037518258,70.07299270072993,49.75531684027778,52.93359375,23.6064453125,28.376953125,,disabled,2,36,36,true
phase_fsm_greeting_20260820_105206_009,fsm,greeting,e2e_capability,e2e,total_measured_processes,1787215931122349503,1787215935204661700,4082.312197,12.74725962917407,135.8490566037736,137.13595920138889,143.546875,75.13720703125,87.603515625,,disabled,4,73,36,true
phase_fsm_greeting_20260820_105206_009,fsm,greeting,completion_propagation,phase,cognitive_module,1787215935204661700,1787215935714108620,509.44692,3.6439066551426107,9.230769230769232,90.959375,90.96484375,59.55078125,59.55078125,,disabled,2,36,5,true
phase_fsm_greeting_20260820_105206_009,fsm,greeting,completion_propagation,phase,hri_challenge_master_fsm,1787215935204661700,1787215935714108620,509.44692,3.6108597285067874,9.230769230769232,53.3828125,53.765625,30.205078125,30.205078125,,disabled,2,36,5,true
phase_fsm_greeting_20260820_105206_009,fsm,greeting,completion_propagation,phase,total_measured_processes,1787215935204661700,1787215935714108620,509.44692,7.2547663836493985,18.461538461538463,144.3421875,144.73046875,89.755859375,89.755859375,,disabled,4,72,5,true
phase_fsm_greeting_20260820_105206_009,fsm,greeting,e2e_active,e2e,cognitive_module,1787215931122349503,1787215935714108620,4591.759117,6.8328943029123606,99.62264150943396,87.8170731707317,90.96484375,52.50881288109756,59.55078125,,disabled,2,37,41,true
phase_fsm_greeting_20260820_105206_009,fsm,greeting,e2e_active,e2e,hri_challenge_master_fsm,1787215931122349503,1787215935714108620,4591.759117,5.244549076807483,70.07299270072993,50.1976943597561,53.765625,24.411156631097562,30.205078125,,disabled,2,36,41,true
phase_fsm_greeting_20260820_105206_009,fsm,greeting,e2e_active,e2e,total_measured_processes,1787215931122349503,1787215935714108620,4591.759117,12.077443379719842,135.8490566037736,138.0147675304878,144.73046875,76.91996951219512,89.755859375,,disabled,4,73,41,true
phase_fsm_greeting_20260820_105206_009,fsm,greeting,e2e_with_fsm_idle,e2e,cognitive_module,1787215928079719447,1787215935714108620,7634.389173,5.614114392281765,99.62264150943396,75.9915081521739,90.96484375,43.54979053442029,59.55078125,,disabled,2,37,69,true
phase_fsm_greeting_20260820_105206_009,fsm,greeting,e2e_with_fsm_idle,e2e,hri_challenge_master_fsm,1787215928079719447,1787215935714108620,7634.389173,5.244549076807483,70.07299270072993,50.1976943597561,53.765625,24.411156631097562,30.205078125,,disabled,2,36,41,true
phase_fsm_greeting_20260820_105206_009,fsm,greeting,e2e_with_fsm_idle,e2e,total_measured_processes,1787215928079719447,1787215935714108620,7634.389173,8.7304406553123,135.8490566037736,105.81912364130434,144.73046875,58.0549705615942,89.755859375,,disabled,4,73,69,true
phase_fsm_greeting_20260820_105217_005,fsm,greeting,fsm_idle_footprint,phase,cognitive_module,1787215939060300045,1787215942086710344,3026.410299,3.8721602521407825,18.250950570342205,58.783482142857146,60.72265625,30.348807198660715,33.0869140625,,disabled,2,12,28,true
phase_fsm_greeting_20260820_105217_005,fsm,greeting,fsm_idle_footprint,phase,total_measured_processes,1787215939060300045,1787215942086710344,3026.410299,3.8721602521407825,18.250950570342205,58.783482142857146,60.72265625,30.348807198660715,33.0869140625,,disabled,2,12,28,true
phase_fsm_greeting_20260820_105217_005,fsm,greeting,execution,phase,cognitive_module,1787215942086710344,1787215945978860746,3892.150402,7.596813001195327,96.0,87.06996783088235,90.5390625,51.7311580882353,59.126953125,,disabled,2,37,34,true
phase_fsm_greeting_20260820_105217_005,fsm,greeting,execution,phase,hri_challenge_master_fsm,1787215942086710344,1787215945978860746,3892.150402,6.104912183348799,72.72727272727273,50.37327665441177,53.38671875,28.335486778846153,29.296875,,disabled,2,36,34,true
phase_fsm_greeting_20260820_105217_005,fsm,greeting,execution,phase,total_measured_processes,1787215942086710344,1787215945978860746,3892.150402,13.701725184544127,122.18181818181819,137.44324448529412,143.92578125,73.39947150735294,88.423828125,,disabled,4,73,34,true
phase_fsm_greeting_20260820_105217_005,fsm,greeting,e2e_capability,e2e,cognitive_module,1787215942086710344,1787215945978860746,3892.150402,7.596813001195327,96.0,87.06996783088235,90.5390625,51.7311580882353,59.126953125,,disabled,2,37,34,true
phase_fsm_greeting_20260820_105217_005,fsm,greeting,e2e_capability,e2e,hri_challenge_master_fsm,1787215942086710344,1787215945978860746,3892.150402,6.104912183348799,72.72727272727273,50.37327665441177,53.38671875,28.335486778846153,29.296875,,disabled,2,36,34,true
phase_fsm_greeting_20260820_105217_005,fsm,greeting,e2e_capability,e2e,total_measured_processes,1787215942086710344,1787215945978860746,3892.150402,13.701725184544127,122.18181818181819,137.44324448529412,143.92578125,73.39947150735294,88.423828125,,disabled,4,73,34,true
phase_fsm_greeting_20260820_105217_005,fsm,greeting,completion_propagation,phase,cognitive_module,1787215945978860746,1787215946488521477,509.660731,1.8113207547169814,9.056603773584907,90.88828125,90.890625,59.436328125,59.513671875,,disabled,2,36,5,true
phase_fsm_greeting_20260820_105217_005,fsm,greeting,completion_propagation,phase,hri_challenge_master_fsm,1787215945978860746,1787215946488521477,509.660731,3.5955056179775284,17.97752808988764,53.82734375,54.20703125,30.465625,30.7578125,,disabled,2,36,5,true
phase_fsm_greeting_20260820_105217_005,fsm,greeting,completion_propagation,phase,total_measured_processes,1787215945978860746,1787215946488521477,509.660731,5.40682637269451,17.97752808988764,144.715625,145.09765625,89.901953125,90.271484375,,disabled,4,72,5,true
phase_fsm_greeting_20260820_105217_005,fsm,greeting,e2e_active,e2e,cognitive_module,1787215942086710344,1787215946488521477,4401.811133,6.855083226005797,96.0,87.5594951923077,90.890625,52.71900040064103,59.513671875,,disabled,2,37,39,true
phase_fsm_greeting_20260820_105217_005,fsm,greeting,e2e_active,e2e,hri_challenge_master_fsm,1787215942086710344,1787215946488521477,4401.811133,5.783193392916585,72.72727272727273,50.81610576923077,54.20703125,28.67905745967742,30.7578125,,disabled,2,36,39,true
phase_fsm_greeting_20260820_105217_005,fsm,greeting,e2e_active,e2e,total_measured_processes,1787215942086710344,1787215946488521477,4401.811133,12.638276618922381,122.18181818181819,138.37560096153845,145.09765625,75.51517427884616,90.271484375,,disabled,4,73,39,true
phase_fsm_greeting_20260820_105217_005,fsm,greeting,e2e_with_fsm_idle,e2e,cognitive_module,1787215939060300045,1787215946488521477,7428.221432,5.6084885503607165,96.0,75.53369869402985,90.890625,43.37026294309702,59.513671875,,disabled,2,37,67,true
phase_fsm_greeting_20260820_105217_005,fsm,greeting,e2e_with_fsm_idle,e2e,hri_challenge_master_fsm,1787215939060300045,1787215946488521477,7428.221432,5.783193392916585,72.72727272727273,50.81610576923077,54.20703125,28.67905745967742,30.7578125,,disabled,2,36,39,true
phase_fsm_greeting_20260820_105217_005,fsm,greeting,e2e_with_fsm_idle,e2e,total_measured_processes,1787215939060300045,1787215946488521477,7428.221432,8.974825002953953,122.18181818181819,105.11322294776119,145.09765625,56.639677588619406,90.271484375,,disabled,4,73,67,true
phase_fsm_greeting_20260820_105411_003,fsm,greeting,fsm_idle_footprint,phase,cognitive_module,1787216053132547348,1787216056273515410,3140.968062,3.88095591465706,9.230769230769232,57.87904575892857,59.92578125,34.020089285714285,34.99609375,,disabled,2,12,28,true
phase_fsm_greeting_20260820_105411_003,fsm,greeting,fsm_idle_footprint,phase,total_measured_processes,1787216053132547348,1787216056273515410,3140.968062,3.88095591465706,9.230769230769232,57.87904575892857,59.92578125,34.020089285714285,34.99609375,,disabled,2,12,28,true
phase_fsm_greeting_20260820_105411_003,fsm,greeting,lifecycle_activation,phase,cognitive_module,1787216056273515410,1787216056592554455,319.039045,12.857142857142856,25.71428571428571,62.732421875,65.5390625,36.5546875,36.5546875,,disabled,2,12,2,true
phase_fsm_greeting_20260820_105411_003,fsm,greeting,lifecycle_activation,phase,hri_challenge_master_fsm,1787216056273515410,1787216056592554455,319.039045,30.000000000000004,60.00000000000001,37.287109375,47.75,14.2158203125,14.2158203125,,disabled,2,13,2,true
phase_fsm_greeting_20260820_105411_003,fsm,greeting,lifecycle_activation,phase,total_measured_processes,1787216056273515410,1787216056592554455,319.039045,42.85714285714286,85.71428571428572,100.01953125,113.2890625,50.7705078125,50.7705078125,,disabled,4,25,2,true
phase_fsm_greeting_20260820_105411_003,fsm,greeting,execution,phase,cognitive_module,1787216056592554455,1787216060967578428,4375.023973,6.00732007894209,80.0,87.81981169871794,90.26171875,57.96334134615385,64.7734375,,disabled,2,37,39,true
phase_fsm_greeting_20260820_105411_003,fsm,greeting,execution,phase,hri_challenge_master_fsm,1787216056592554455,1787216060967578428,4375.023973,3.010765482612684,17.97752808988764,51.533253205128204,54.34375,26.025816306089745,30.640625,,disabled,2,36,39,true
phase_fsm_greeting_20260820_105411_003,fsm,greeting,execution,phase,total_measured_processes,1787216056592554455,1787216060967578428,4375.023973,9.018085561554775,88.88888888888889,139.35306490384616,144.60546875,83.98915765224359,95.4140625,,disabled,4,73,39,true
phase_fsm_greeting_20260820_105411_003,fsm,greeting,e2e_capability,e2e,cognitive_module,1787216056592554455,1787216060967578428,4375.023973,6.00732007894209,80.0,87.81981169871794,90.26171875,57.96334134615385,64.7734375,,disabled,2,37,39,true
phase_fsm_greeting_20260820_105411_003,fsm,greeting,e2e_capability,e2e,hri_challenge_master_fsm,1787216056592554455,1787216060967578428,4375.023973,3.010765482612684,17.97752808988764,51.533253205128204,54.34375,26.025816306089745,30.640625,,disabled,2,36,39,true
phase_fsm_greeting_20260820_105411_003,fsm,greeting,e2e_capability,e2e,total_measured_processes,1787216056592554455,1787216060967578428,4375.023973,9.018085561554775,88.88888888888889,139.35306490384616,144.60546875,83.98915765224359,95.4140625,,disabled,4,73,39,true
phase_fsm_greeting_20260820_105411_003,fsm,greeting,completion_propagation,phase,cognitive_module,1787216060967578428,1787216061477140063,509.561635,3.66412213740458,18.3206106870229,90.61484375,90.625,64.818359375,64.998046875,,disabled,2,36,5,true
phase_fsm_greeting_20260820_105411_003,fsm,greeting,completion_propagation,phase,hri_challenge_master_fsm,1787216060967578428,1787216061477140063,509.561635,5.482303955586398,18.3206106870229,55.0484375,55.39453125,30.975,32.3125,,disabled,2,36,5,true
phase_fsm_greeting_20260820_105411_003,fsm,greeting,completion_propagation,phase,total_measured_processes,1787216060967578428,1787216061477140063,509.561635,9.146426092990978,36.6412213740458,145.66328125,146.01953125,95.793359375,97.310546875,,disabled,4,72,5,true
phase_fsm_greeting_20260820_105411_003,fsm,greeting,e2e_active,e2e,cognitive_module,1787216056273515410,1787216061477140063,5203.624653,6.050443032175003,80.0,87.03286345108695,90.625,57.777640964673914,64.998046875,,disabled,2,37,46,true
phase_fsm_greeting_20260820_105411_003,fsm,greeting,e2e_active,e2e,hri_challenge_master_fsm,1787216056273515410,1787216061477140063,5203.624653,4.45285594782232,60.00000000000001,51.29594089673913,55.39453125,26.05029296875,32.3125,,disabled,2,36,46,true
phase_fsm_greeting_20260820_105411_003,fsm,greeting,e2e_active,e2e,total_measured_processes,1787216056273515410,1787216061477140063,5203.624653,10.503298979997322,88.88888888888889,138.3288043478261,146.01953125,83.8279339334239,97.310546875,,disabled,4,73,46,true
phase_fsm_greeting_20260820_105411_003,fsm,greeting,e2e_with_fsm_idle,e2e,cognitive_module,1787216053132547348,1787216061477140063,8344.592715,5.229556014735783,80.0,76.0016891891892,90.625,48.788297086148646,64.998046875,,disabled,2,37,74,true
phase_fsm_greeting_20260820_105411_003,fsm,greeting,e2e_with_fsm_idle,e2e,hri_challenge_master_fsm,1787216053132547348,1787216061477140063,8344.592715,4.45285594782232,60.00000000000001,51.29594089673913,55.39453125,26.05029296875,32.3125,,disabled,2,36,46,true
phase_fsm_greeting_20260820_105411_003,fsm,greeting,e2e_with_fsm_idle,e2e,total_measured_processes,1787216053132547348,1787216061477140063,8344.592715,7.997547549868574,88.88888888888889,107.88835515202703,146.01953125,64.98172244510135,97.310546875,,disabled,4,73,74,true
phase_fsm_greeting_20260820_105424_002,fsm,greeting,fsm_idle_footprint,phase,cognitive_module,1787216066216250998,1787216069248522041,3032.271043,3.6997163898301717,18.532818532818535,58.533854166666664,60.79296875,34.3193359375,35.9326171875,,disabled,2,12,27,true
phase_fsm_greeting_20260820_105424_002,fsm,greeting,fsm_idle_footprint,phase,total_measured_processes,1787216066216250998,1787216069248522041,3032.271043,3.6997163898301717,18.532818532818535,58.533854166666664,60.79296875,34.3193359375,35.9326171875,,disabled,2,12,27,true
phase_fsm_greeting_20260820_105424_002,fsm,greeting,lifecycle_activation,phase,cognitive_module,1787216069248522041,1787216069566844935,318.322894,11.810076715737095,26.373626373626376,63.03515625,67.09765625,37.529296875,37.529296875,,disabled,2,12,3,true
phase_fsm_greeting_20260820_105424_002,fsm,greeting,lifecycle_activation,phase,hri_challenge_master_fsm,1787216069248522041,1787216069566844935,318.322894,53.80883267675721,108.67924528301887,27.40234375,47.65234375,2.5,2.5,,disabled,2,13,3,true
phase_fsm_greeting_20260820_105424_002,fsm,greeting,lifecycle_activation,phase,total_measured_processes,1787216069248522041,1787216069566844935,318.322894,65.6189093924943,117.73584905660378,90.4375,114.75,40.029296875,40.029296875,,disabled,4,25,3,true
phase_fsm_greeting_20260820_105424_002,fsm,greeting,execution,phase,cognitive_module,1787216069566844935,1787216073599925582,4033.080647,6.457257426632626,79.12087912087912,88.591796875,90.53125,58.832194010416664,64.9677734375,,disabled,2,37,36,true
phase_fsm_greeting_20260820_105424_002,fsm,greeting,execution,phase,hri_challenge_master_fsm,1787216069566844935,1787216073599925582,4033.080647,4.010727240897602,18.181818181818183,51.03179253472222,53.51953125,23.508951822916668,29.8564453125,,disabled,2,36,36,true
phase_fsm_greeting_20260820_105424_002,fsm,greeting,execution,phase,total_measured_processes,1787216069566844935,1787216073599925582,4033.080647,10.467984667530228,96.7032967032967,139.62358940972223,144.05078125,82.34114583333333,94.82421875,,disabled,4,73,36,true
phase_fsm_greeting_20260820_105424_002,fsm,greeting,e2e_capability,e2e,cognitive_module,1787216069566844935,1787216073599925582,4033.080647,6.457257426632626,79.12087912087912,88.591796875,90.53125,58.832194010416664,64.9677734375,,disabled,2,37,36,true
phase_fsm_greeting_20260820_105424_002,fsm,greeting,e2e_capability,e2e,hri_challenge_master_fsm,1787216069566844935,1787216073599925582,4033.080647,4.010727240897602,18.181818181818183,51.03179253472222,53.51953125,23.508951822916668,29.8564453125,,disabled,2,36,36,true
phase_fsm_greeting_20260820_105424_002,fsm,greeting,e2e_capability,e2e,total_measured_processes,1787216069566844935,1787216073599925582,4033.080647,10.467984667530228,96.7032967032967,139.62358940972223,144.05078125,82.34114583333333,94.82421875,,disabled,4,73,36,true
phase_fsm_greeting_20260820_105424_002,fsm,greeting,completion_propagation,phase,cognitive_module,1787216073599925582,1787216074117521499,517.595917,0.0,0.0,90.853125,90.859375,64.9677734375,64.9677734375,,disabled,2,36,5,true
phase_fsm_greeting_20260820_105424_002,fsm,greeting,completion_propagation,phase,hri_challenge_master_fsm,1787216073599925582,1787216074117521499,517.595917,3.623105844821693,9.16030534351145,53.99140625,54.20703125,29.8564453125,29.8564453125,,disabled,2,36,5,true
phase_fsm_greeting_20260820_105424_002,fsm,greeting,completion_propagation,phase,total_measured_processes,1787216073599925582,1787216074117521499,517.595917,3.623105844821693,9.16030534351145,144.84453125,145.06640625,94.82421875,94.82421875,,disabled,4,72,5,true
phase_fsm_greeting_20260820_105424_002,fsm,greeting,e2e_active,e2e,cognitive_module,1787216069248522041,1787216074117521499,4868.999458,6.088443125136044,79.12087912087912,87.10626775568181,90.859375,58.07694868607955,64.9677734375,,disabled,2,37,44,true
phase_fsm_greeting_20260820_105424_002,fsm,greeting,e2e_active,e2e,hri_challenge_master_fsm,1787216069248522041,1787216074117521499,4868.999458,7.362004725606675,108.67924528301887,49.75701349431818,54.20703125,22.797829367897727,29.8564453125,,disabled,2,36,44,true
phase_fsm_greeting_20260820_105424_002,fsm,greeting,e2e_active,e2e,total_measured_processes,1787216069248522041,1787216074117521499,4868.999458,13.450447850742718,117.73584905660378,136.86328125,145.06640625,80.87477805397727,94.82421875,,disabled,4,73,44,true
phase_fsm_greeting_20260820_105424_002,fsm,greeting,e2e_with_fsm_idle,e2e,cognitive_module,1787216066216250998,1787216074117521499,7901.270501,5.180054084949303,79.12087912087912,76.24070202464789,90.859375,49.04236355633803,64.9677734375,,disabled,2,37,71,true
phase_fsm_greeting_20260820_105424_002,fsm,greeting,e2e_with_fsm_idle,e2e,hri_challenge_master_fsm,1787216066216250998,1787216074117521499,7901.270501,7.362004725606675,108.67924528301887,49.75701349431818,54.20703125,22.797829367897727,29.8564453125,,disabled,2,36,44,true
phase_fsm_greeting_20260820_105424_002,fsm,greeting,e2e_with_fsm_idle,e2e,total_measured_processes,1787216066216250998,1787216074117521499,7901.270501,9.742423210677384,117.73584905660378,107.07603433098592,145.06640625,63.170595840669016,94.82421875,,disabled,4,73,71,true
