run_id,architecture,capability,event,stamp_ns
phase_fsm_greeting_20260820_104040_001,fsm,greeting,master_start,1787215245295517842
phase_fsm_greeting_20260820_104040_001,fsm,greeting,run_end,1787215245296275236
phase_fsm_greeting_20260820_104045_009,fsm,greeting,master_start,1787215250597513355
phase_fsm_greeting_20260820_104045_009,fsm,greeting,run_end,1787215250598144120
phase_fsm_greeting_20260820_104050_005,fsm,greeting,master_start,1787215255869513542
phase_fsm_greeting_20260820_104050_005,fsm,greeting,run_end,1787215255870276216
phase_fsm_greeting_20260820_104056_004,fsm,greeting,master_start,1787215261135516868
phase_fsm_greeting_20260820_104056_004,fsm,greeting,run_end,1787215261136170577
phase_fsm_greeting_20260820_104101_000,fsm,greeting,run_end,1787215262750806552
phase_fsm_greeting_20260820_104428_006,fsm,greeting,master_start,1787215473724513055
phase_fsm_greeting_20260820_104428_006,fsm,greeting,run_end,1787215476043199506
phase_fsm_greeting_20260820_105153_004,fsm,greeting,master_start,1787215918872514848
phase_fsm_greeting_20260820_105153_004,fsm,greeting,lifecycle_activated,1787215919191775689
phase_fsm_greeting_20260820_105153_004,fsm,greeting,completion_failed,1787215922945159575
phase_fsm_greeting_20260820_105153_004,fsm,greeting,run_end,1787215923452527353
phase_fsm_greeting_20260820_105206_009,fsm,greeting,master_start,1787215931122349503
phase_fsm_greeting_20260820_105206_009,fsm,greeting,lifecycle_activation_failed,1787215931353548777
phase_fsm_greeting_20260820_105206_009,fsm,greeting,completion_failed,1787215935204661700
phase_fsm_greeting_20260820_105206_009,fsm,greeting,run_end,1787215935714108620
phase_fsm_greeting_20260820_105217_005,fsm,greeting,master_start,1787215942086710344
phase_fsm_greeting_20260820_105217_005,fsm,greeting,lifecycle_activation_failed,1787215942328051215
phase_fsm_greeting_20260820_105217_005,fsm,greeting,completion_failed,1787215945978860746
phase_fsm_greeting_20260820_105217_005,fsm,greeting,run_end,1787215946488521477
phase_fsm_greeting_20260820_105227_002,fsm,greeting,run_end,1787215949811458004
phase_fsm_greeting_20260820_105411_003,fsm,greeting,master_start,1787216056273515410
phase_fsm_greeting_20260820_105411_003,fsm,greeting,lifecycle_activated,1787216056592554455
phase_fsm_greeting_20260820_105411_003,fsm,greeting,completion_failed,1787216060967578428
phase_fsm_greeting_20260820_105411_003,fsm,greeting,run_end,1787216061477140063
phase_fsm_greeting_20260820_105424_002,fsm,greeting,master_start,1787216069248522041
phase_fsm_greeting_20260820_105424_002,fsm,greeting,lifecycle_activated,1787216069566844935
phase_fsm_greeting_20260820_105424_002,fsm,greeting,completion_failed,1787216073599925582
phase_fsm_greeting_20260820_105424_002,fsm,greeting,run_end,1787216074117521499
phase_fsm_greeting_20260820_105437_004,fsm,greeting,run_end,1787216078607529070
